<?xml version="1.0" encoding="windows-1252" ?>
<!DOCTYPE ViewObject SYSTEM "jbo_03_01.dtd">
<!---->
<ViewObject
  xmlns="http://xmlns.oracle.com/bc4j"
  Name="FormSecondaryContactMO"
  Version="12.2.1.12.24"
  InheritPersonalization="merge"
  BindingStyle="OracleName"
  CustomQuery="true"
  PageIterMode="Full">
  <DesignTime>
    <Attr Name="_isExpertMode" Value="true"/>
  </DesignTime>
  <Properties>
    <SchemaBasedProperties>
      <LABEL
        ResId="vpomodel.vo.FormSecondaryContactMO_LABEL"/>
    </SchemaBasedProperties>
  </Properties>
  <Variable
    Name="secondaryRegionId"
    Kind="where"
    Type="java.lang.String"/>
  <Variable
    Name="secondarySiteId"
    Kind="where"
    Type="java.lang.String"/>
  <Variable
    Name="secondaryStudyCode"
    Kind="where"
    Type="java.lang.String"/>
  <Variable
    Name="secondaryCountryCode"
    Kind="where"
    Type="java.lang.String"/>
  <SQLQuery><![CDATA[SELECT   
P.TITLE   
,P.FORENAME    
,P.SURNAME    
,P.PHONE_ADDRESS PHONE#   
,P.FAX_ADDRESS FAX#   
,P.EMAIL_ADDRESS EMAIL_ADDRESS   
,SSP.ROLE_AT_SITE_LVL_CODE   
FROM ESB_V_STUDY_SITE_PERSONNEL SSP,ESB_V_STUDY S,ESB_V_STUDY_SITE SS,ESB_V_SITE S,ESB_V_PERSONNEL P   
WHERE S.STUDY_EID=SSP.STUDY_EREF   
AND SS.STUDY_SITE_EID=SSP.STUDY_SITE_EREF   
AND S.SITE_EID=SS.SITE_EREF   
AND S.STUDY_STATUS_CODE IN ('A','P')    
AND SS.STUDY_SITE_STATUS_CODE IN ('ACT','PLN')   
AND P.OBJECT_STATE_CODE='Active'   
AND SSP.PERSONNEL_EREF=P.PERSONNEL_EID   
AND SSP.ROLE_AT_SITE_LVL_CODE like :secondaryRegionId--<<INPUT_ROLE_AT_SITE_LVL_CODE>>   
AND SSP.STUDY_SITE_ID=  :secondarySiteId     
AND SSP.STUDY_CODE_ALIAS  like :secondaryCountryCode --<<INPUT_STUDY_CODE_ALIAS>>   
AND SSP.COUNTRY_CODE  like :secondaryCountryCode]]></SQLQuery>
  <ViewAttribute
    Name="Title"
    IsUpdateable="false"
    IsPersistent="false"
    PrecisionRule="true"
    Precision="15"
    Type="java.lang.String"
    ColumnType="VARCHAR2"
    AliasName="TITLE"
    Expression="TITLE"
    SQLType="VARCHAR">
    <DesignTime>
      <Attr Name="_DisplaySize" Value="15"/>
    </DesignTime>
  </ViewAttribute>
  <ViewAttribute
    Name="Forename"
    IsUpdateable="false"
    IsPersistent="false"
    PrecisionRule="true"
    Precision="30"
    Type="java.lang.String"
    ColumnType="VARCHAR2"
    AliasName="FORENAME"
    Expression="FORENAME"
    SQLType="VARCHAR">
    <DesignTime>
      <Attr Name="_DisplaySize" Value="30"/>
    </DesignTime>
  </ViewAttribute>
  <ViewAttribute
    Name="Surname"
    IsUpdateable="false"
    IsPersistent="false"
    PrecisionRule="true"
    Precision="30"
    Type="java.lang.String"
    ColumnType="VARCHAR2"
    AliasName="SURNAME"
    Expression="SURNAME"
    SQLType="VARCHAR">
    <DesignTime>
      <Attr Name="_DisplaySize" Value="30"/>
    </DesignTime>
  </ViewAttribute>
  <ViewAttribute
    Name="Phone"
    IsUpdateable="false"
    IsPersistent="false"
    PrecisionRule="true"
    Precision="30"
    Type="java.lang.String"
    ColumnType="VARCHAR2"
    AliasName="PHONE#"
    Expression="PHONE#"
    SQLType="VARCHAR">
    <DesignTime>
      <Attr Name="_DisplaySize" Value="30"/>
    </DesignTime>
  </ViewAttribute>
  <ViewAttribute
    Name="Fax"
    IsUpdateable="false"
    IsPersistent="false"
    PrecisionRule="true"
    Precision="30"
    Type="java.lang.String"
    ColumnType="VARCHAR2"
    AliasName="FAX#"
    Expression="FAX#"
    SQLType="VARCHAR">
    <DesignTime>
      <Attr Name="_DisplaySize" Value="30"/>
    </DesignTime>
  </ViewAttribute>
  <ViewAttribute
    Name="EmailAddress"
    IsUpdateable="false"
    IsPersistent="false"
    PrecisionRule="true"
    Precision="120"
    Type="java.lang.String"
    ColumnType="VARCHAR2"
    AliasName="EMAIL_ADDRESS"
    Expression="EMAIL_ADDRESS"
    SQLType="VARCHAR">
    <DesignTime>
      <Attr Name="_DisplaySize" Value="120"/>
    </DesignTime>
  </ViewAttribute>
  <ViewAttribute
    Name="RoleAtSiteLvlCode"
    IsUpdateable="false"
    IsPersistent="false"
    PrecisionRule="true"
    Precision="255"
    Type="java.lang.String"
    ColumnType="VARCHAR2"
    AliasName="ROLE_AT_SITE_LVL_CODE"
    Expression="ROLE_AT_SITE_LVL_CODE"
    SQLType="VARCHAR">
    <DesignTime>
      <Attr Name="_DisplaySize" Value="6"/>
    </DesignTime>
  </ViewAttribute>
  <AttrArray Name="KeyAttributes">
    <Item Value="RoleAtSiteLvlCode"/>
  </AttrArray>
  <ResourceBundle>
    <PropertiesBundle
      PropertiesFile="vpomodel.VPORESTModelBundle"/>
  </ResourceBundle>
</ViewObject>
