<?xml version="1.0" encoding="windows-1252" ?>
<!DOCTYPE ViewObject SYSTEM "jbo_03_01.dtd">
<!---->
<ViewObject
  xmlns="http://xmlns.oracle.com/bc4j"
  Name="AccessHistoryToMeMO"
  Version="12.2.1.9.14"
  InheritPersonalization="merge"
  BindingStyle="OracleName"
  CustomQuery="true"
  PageIterMode="Full">
  <DesignTime>
    <Attr Name="_isExpertMode" Value="true"/>
  </DesignTime>
  <Properties>
    <SchemaBasedProperties>
      <LABEL
        ResId="vpomodel.vo.AccessHistoryToMeMO_LABEL"/>
    </SchemaBasedProperties>
  </Properties>
  <Variable
    Name="personalId"
    Kind="where"
    Type="java.lang.String"/>
  <SQLQuery><![CDATA[SELECT   
PD.PERSONNEL_USER_ID "USERID" 
,PD.FIRST_NAME || PD.SURNAME "NAME" 
,PD.EMAIL_ADDRESS "EMAIL" 
,GET_PERSONNEL_ROLE_DESC(PD.PERSONNEL_USER_ID) "PERSONAL_USERID" 
,URD.START_DATE "FROMDATE" 
,URD.END_DATE "TO_DATE" 
,URD.FROM_USER_ID 
,URD.TO_USER_ID 
FROM USER_ROLE_DELEGATION URD,PERSONNEL_DETAILS PD,USER_MASTER UM 
WHERE URD.UR_DELEGATION_FLAG IN ('D','R') 
AND PD.PERSONNEL_ID=UM.PERSONNEL_ID  
AND URD.FROM_USER_ID=UM.USER_ID 
AND URD.FROM_USER_ID  IN  
(SELECT URD.FROM_USER_ID FROM USER_ROLE_DELEGATION URD 
WHERE  URD.TO_USER_ID= 
( 
SELECT UM.USER_ID 
FROM USER_MASTER UM 
WHERE UM.PERSONNEL_ID=( 
SELECT PD.PERSONNEL_ID 
FROM PERSONNEL_DETAILS PD 
WHERE PD.PERSONNEL_USER_ID LIKE :personalId)))]]></SQLQuery>
  <ViewAttribute
    Name="Userid"
    IsUpdateable="false"
    IsPersistent="false"
    PrecisionRule="true"
    Precision="255"
    Type="java.lang.String"
    ColumnType="VARCHAR2"
    AliasName="USERID"
    Expression="USERID"
    SQLType="VARCHAR">
    <DesignTime>
      <Attr Name="_DisplaySize" Value="50"/>
    </DesignTime>
  </ViewAttribute>
  <ViewAttribute
    Name="Name"
    IsUpdateable="false"
    IsPersistent="false"
    PrecisionRule="true"
    Precision="60"
    Type="java.lang.String"
    ColumnType="VARCHAR2"
    AliasName="NAME"
    Expression="NAME"
    SQLType="VARCHAR">
    <DesignTime>
      <Attr Name="_DisplaySize" Value="60"/>
    </DesignTime>
  </ViewAttribute>
  <ViewAttribute
    Name="Email"
    IsUpdateable="false"
    IsPersistent="false"
    PrecisionRule="true"
    Precision="120"
    Type="java.lang.String"
    ColumnType="VARCHAR2"
    AliasName="EMAIL"
    Expression="EMAIL"
    SQLType="VARCHAR">
    <DesignTime>
      <Attr Name="_DisplaySize" Value="120"/>
    </DesignTime>
  </ViewAttribute>
  <ViewAttribute
    Name="PersonalUserid"
    IsUpdateable="false"
    IsPersistent="false"
    PrecisionRule="true"
    Precision="4000"
    Type="java.lang.String"
    ColumnType="VARCHAR2"
    AliasName="PERSONAL_USERID"
    Expression="PERSONAL_USERID"
    SQLType="VARCHAR">
    <DesignTime>
      <Attr Name="_DisplaySize" Value="4000"/>
    </DesignTime>
  </ViewAttribute>
  <ViewAttribute
    Name="Fromdate"
    IsUpdateable="false"
    IsPersistent="false"
    PrecisionRule="true"
    Precision="50"
    Type="java.lang.String"
    ColumnType="VARCHAR2"
    AliasName="FROMDATE"
    Expression="FROMDATE"
    SQLType="VARCHAR">
    <DesignTime>
      <Attr Name="_DisplaySize" Value="50"/>
    </DesignTime>
  </ViewAttribute>
  <ViewAttribute
    Name="ToDate"
    IsUpdateable="false"
    IsPersistent="false"
    PrecisionRule="true"
    Precision="50"
    Type="java.lang.String"
    ColumnType="VARCHAR2"
    AliasName="TO_DATE"
    Expression="TO_DATE"
    SQLType="VARCHAR">
    <DesignTime>
      <Attr Name="_DisplaySize" Value="50"/>
    </DesignTime>
  </ViewAttribute>
  <ViewAttribute
    Name="FromUserId"
    IsUpdateable="false"
    IsPersistent="false"
    PrecisionRule="true"
    Type="java.math.BigDecimal"
    ColumnType="NUMBER"
    AliasName="FROM_USER_ID"
    Expression="FROM_USER_ID"
    SQLType="NUMERIC"/>
  <ViewAttribute
    Name="ToUserId"
    IsUpdateable="false"
    IsPersistent="false"
    PrecisionRule="true"
    Type="java.math.BigDecimal"
    ColumnType="NUMBER"
    AliasName="TO_USER_ID"
    Expression="TO_USER_ID"
    SQLType="NUMERIC"/>
  <AttrArray Name="KeyAttributes">
    <Item Value="Userid"/>
  </AttrArray>
  <ResourceBundle>
    <PropertiesBundle
      PropertiesFile="vpomodel.VPORESTModelBundle"/>
  </ResourceBundle>
</ViewObject>
