<?xml version="1.0" encoding="UTF-8" ?>
<!DOCTYPE ViewObject SYSTEM "jbo_03_01.dtd">
<!---->
<ViewObject
  xmlns="http://xmlns.oracle.com/bc4j"
  Name="DelegateAccess3"
  Version="12.2.1.9.14"
  InheritPersonalization="merge"
  BindingStyle="OracleName"
  CustomQuery="true"
  PageIterMode="Full">
  <DesignTime>
    <Attr Name="_isExpertMode" Value="true"/>
  </DesignTime>
  <Properties>
    <SchemaBasedProperties>
      <LABEL
        ResId="vpomodel.vo.DelegateAccess3_LABEL"/>
    </SchemaBasedProperties>
  </Properties>
  <Variable
    Name="pId3"
    Kind="where"
    Type="java.lang.String"/>
  <Variable
    Name="codeAlias3"
    Kind="where"
    Type="java.lang.String"/>
  <Variable
    Name="countryCode3"
    Kind="where"
    Type="java.lang.String"/>
  <SQLQuery><![CDATA[SELECT DISTINCT SSP.STUDY_SITE_ID,SSP.STUDY_SITE_EREF 
FROM ESB_V_STUDY_SITE_PERSONNEL SSP,ESB_V_STUDY S 
WHERE SSP.STUDY_EREF=S.STUDY_EID 
AND S.STUDY_STATUS_CODE IN ('A','P') 
AND SSP.END_DATE IS  NULL 
AND SSP.PERSONNEL_ID like :pId3 
AND SSP.STUDY_CODE_ALIAS like :codeAlias3 
AND SSP.COUNTRY_CODE like :countryCode3 
AND SSP.STUDY_SITE_ID IS NOT NULL]]></SQLQuery>
  <ViewAttribute
    Name="StudySiteId"
    IsUpdateable="false"
    IsPersistent="false"
    PrecisionRule="true"
    Precision="255"
    Type="java.lang.String"
    ColumnType="VARCHAR2"
    AliasName="STUDY_SITE_ID"
    Expression="STUDY_SITE_ID"
    SQLType="VARCHAR">
    <DesignTime>
      <Attr Name="_DisplaySize" Value="10"/>
    </DesignTime>
  </ViewAttribute>
  <ViewAttribute
    Name="StudySiteEref"
    IsUpdateable="false"
    IsPersistent="false"
    PrecisionRule="true"
    Precision="200"
    Type="java.lang.String"
    ColumnType="VARCHAR2"
    AliasName="STUDY_SITE_EREF"
    Expression="STUDY_SITE_EREF"
    SQLType="VARCHAR">
    <DesignTime>
      <Attr Name="_DisplaySize" Value="200"/>
    </DesignTime>
  </ViewAttribute>
  <AttrArray Name="KeyAttributes">
    <Item Value="StudySiteEref"/>
  </AttrArray>
  <ResourceBundle>
    <PropertiesBundle
      PropertiesFile="vpomodel.VPORESTModelBundle"/>
  </ResourceBundle>
</ViewObject>
