<?xml version="1.0" encoding="windows-1252" ?>
<!DOCTYPE ViewObject SYSTEM "jbo_03_01.dtd">
<!---->
<ViewObject
  xmlns="http://xmlns.oracle.com/bc4j"
  Name="DelegateAccessMO2"
  Version="12.2.1.9.14"
  InheritPersonalization="merge"
  BindingStyle="OracleName"
  CustomQuery="true"
  PageIterMode="Full">
  <DesignTime>
    <Attr Name="_isExpertMode" Value="true"/>
  </DesignTime>
  <Properties>
    <SchemaBasedProperties>
      <LABEL
        ResId="vpomodel.vo.DelegateAccessMO2_LABEL"/>
    </SchemaBasedProperties>
  </Properties>
  <Variable
    Name="personnelIdDel2"
    Kind="where"
    Type="java.lang.String"/>
  <Variable
    Name="studyCodeAlias2"
    Kind="where"
    Type="java.lang.String"/>
  <SQLQuery><![CDATA[SELECT DISTINCT SS.COUNTRY_CODE  
FROM ESB_V_STUDY_SITE SS, STUDY_SITE_DELEGATION SSD  
WHERE SS.STUDY_SITE_ID_VPO=SSD.STUDY_SITE_ID_VPO  
AND SS.STUDY_CODE_ALIAS like :studyCodeAlias2 
AND SSD.DELGATION_ID IN  
(SELECT URD.DELEGATION_ID  
        FROM USER_ROLE_DELEGATION URD  
        WHERE URD.TO_USER_ID =  
        (SELECT UM.USER_ID  
        FROM USER_MASTER UM  
        WHERE UM.PERSONNEL_ID =  
        (SELECT PD.PERSONNEL_ID  
        FROM PERSONNEL_DETAILS PD  
        WHERE UPPER(PD.PERSONNEL_USER_ID)=UPPER(:personnelIdDel2))))]]></SQLQuery>
  <ViewAttribute
    Name="CountryCode"
    IsUpdateable="false"
    IsPersistent="false"
    PrecisionRule="true"
    Precision="255"
    Type="java.lang.String"
    ColumnType="VARCHAR2"
    AliasName="COUNTRY_CODE"
    Expression="COUNTRY_CODE"
    SQLType="VARCHAR">
    <DesignTime>
      <Attr Name="_DisplaySize" Value="3"/>
    </DesignTime>
  </ViewAttribute>
  <AttrArray Name="KeyAttributes">
    <Item Value="CountryCode"/>
  </AttrArray>
  <ResourceBundle>
    <PropertiesBundle
      PropertiesFile="vpomodel.VPORESTModelBundle"/>
  </ResourceBundle>
</ViewObject>
