<?xml version="1.0" encoding="UTF-8" ?>
<!DOCTYPE ViewObject SYSTEM "jbo_03_01.dtd">
<!---->
<ViewObject
  xmlns="http://xmlns.oracle.com/bc4j"
  Name="FetchFormData"
  Version="12.2.1.9.14"
  InheritPersonalization="merge"
  BindingStyle="OracleName"
  CustomQuery="true"
  PageIterMode="Full">
  <DesignTime>
    <Attr Name="_isExpertMode" Value="true"/>
  </DesignTime>
  <Properties>
    <SchemaBasedProperties>
      <LABEL
        ResId="vpomodel.vo.FetchFormData_LABEL"/>
    </SchemaBasedProperties>
  </Properties>
  <Variable
    Name="fetchFormId"
    Kind="where"
    Type="java.lang.String"/>
  <SQLQuery><![CDATA[SELECT  VFD. FORM_DETAILS_ID, VFD.FORM_ID , VFD. FORM_DETAILS  
FROM    VENDOR_FORM_DETAILS VFD    
WHERE   VFD.FORM_ID = :fetchFormId]]></SQLQuery>
  <ViewAttribute
    Name="FormDetailsId"
    IsUpdateable="false"
    IsPersistent="false"
    PrecisionRule="true"
    Type="java.math.BigDecimal"
    ColumnType="NUMBER"
    AliasName="FORM_DETAILS_ID"
    Expression="FORM_DETAILS_ID"
    SQLType="NUMERIC"/>
  <ViewAttribute
    Name="FormId"
    IsUpdateable="false"
    IsPersistent="false"
    PrecisionRule="true"
    Type="java.math.BigDecimal"
    ColumnType="NUMBER"
    AliasName="FORM_ID"
    Expression="FORM_ID"
    SQLType="NUMERIC"/>
  <ViewAttribute
    Name="FormDetails"
    IsUpdateable="false"
    IsQueriable="false"
    IsPersistent="false"
    PrecisionRule="true"
    Type="oracle.jbo.domain.ClobDomain"
    ColumnType="CLOB"
    AliasName="FORM_DETAILS"
    Expression="FORM_DETAILS"
    SQLType="CLOB"/>
  <AttrArray Name="KeyAttributes">
    <Item Value="FormId"/>
  </AttrArray>
  <ResourceBundle>
    <PropertiesBundle
      PropertiesFile="vpomodel.VPORESTModelBundle"/>
  </ResourceBundle>
</ViewObject>
