<?xml version="1.0" encoding="windows-1252" ?>
<!DOCTYPE ViewObject SYSTEM "jbo_03_01.dtd">
<!---->
<ViewObject
  xmlns="http://xmlns.oracle.com/bc4j"
  Name="FormInvestigatorMO"
  Version="12.2.1.12.24"
  InheritPersonalization="merge"
  BindingStyle="OracleName"
  CustomQuery="true"
  PageIterMode="Full">
  <DesignTime>
    <Attr Name="_isExpertMode" Value="true"/>
  </DesignTime>
  <Properties>
    <SchemaBasedProperties>
      <LABEL
        ResId="vpomodel.vo.FormInvestigatorMO_LABEL"/>
    </SchemaBasedProperties>
  </Properties>
  <Variable
    Name="centerRegionId"
    Kind="where"
    Type="java.lang.String"/>
  <Variable
    Name="centerSiteId"
    Kind="where"
    Type="java.lang.String"/>
  <Variable
    Name="centerStudyCode"
    Kind="where"
    Type="java.lang.String"/>
  <Variable
    Name="centerCountryCode"
    Kind="where"
    Type="java.lang.String"/>
  <SQLQuery><![CDATA[SELECT  SSP.ROLE_AT_SITE_LVL_CODE,SSP.ROLE_AT_SITE_LVL_DESC,P.TITLE,P.FORENAME,P.MIDDLE_NAME    
,P.SURNAME,P.PHONE_ADDRESS,P.EMAIL_ADDRESS,P.FAX_ADDRESS    
,P.POSTAL_ADDRESS_LINES 
,P.POSTAL_ADDRESS_STATE_NAME,P.POSTAL_ADDRESS_POSTAL_CODE,P.POSTAL_ADDRESS_CITY_NAME,POSTAL_ADDRESS_COUNTRY_NAME 
FROM ESB_V_STUDY_SITE_PERSONNEL SSP,ESB_V_PERSONNEL P    
WHERE SSP.PERSONNEL_EREF=P.PERSONNEL_EID    
AND SSP.ROLE_AT_SITE_LVL_CODE like :centerRegionId     
AND SSP.STUDY_SITE_ID =:centerSiteId   
AND SSP.STUDY_CODE_ALIAS like :centerStudyCode 
AND SSP.COUNTRY_CODE like :centerCountryCode]]></SQLQuery>
  <ViewAttribute
    Name="RoleAtSiteLvlCode"
    IsUpdateable="false"
    IsPersistent="false"
    PrecisionRule="true"
    Precision="255"
    Type="java.lang.String"
    ColumnType="VARCHAR2"
    AliasName="ROLE_AT_SITE_LVL_CODE"
    Expression="ROLE_AT_SITE_LVL_CODE"
    SQLType="VARCHAR">
    <DesignTime>
      <Attr Name="_DisplaySize" Value="6"/>
    </DesignTime>
  </ViewAttribute>
  <ViewAttribute
    Name="RoleAtSiteLvlDesc"
    IsUpdateable="false"
    IsPersistent="false"
    PrecisionRule="true"
    Precision="50"
    Type="java.lang.String"
    ColumnType="VARCHAR2"
    AliasName="ROLE_AT_SITE_LVL_DESC"
    Expression="ROLE_AT_SITE_LVL_DESC"
    SQLType="VARCHAR">
    <DesignTime>
      <Attr Name="_DisplaySize" Value="50"/>
    </DesignTime>
  </ViewAttribute>
  <ViewAttribute
    Name="Title"
    IsUpdateable="false"
    IsPersistent="false"
    PrecisionRule="true"
    Precision="15"
    Type="java.lang.String"
    ColumnType="VARCHAR2"
    AliasName="TITLE"
    Expression="TITLE"
    SQLType="VARCHAR">
    <DesignTime>
      <Attr Name="_DisplaySize" Value="15"/>
    </DesignTime>
  </ViewAttribute>
  <ViewAttribute
    Name="Forename"
    IsUpdateable="false"
    IsPersistent="false"
    PrecisionRule="true"
    Precision="30"
    Type="java.lang.String"
    ColumnType="VARCHAR2"
    AliasName="FORENAME"
    Expression="FORENAME"
    SQLType="VARCHAR">
    <DesignTime>
      <Attr Name="_DisplaySize" Value="30"/>
    </DesignTime>
  </ViewAttribute>
  <ViewAttribute
    Name="MiddleName"
    IsUpdateable="false"
    IsPersistent="false"
    PrecisionRule="true"
    Precision="30"
    Type="java.lang.String"
    ColumnType="VARCHAR2"
    AliasName="MIDDLE_NAME"
    Expression="MIDDLE_NAME"
    SQLType="VARCHAR">
    <DesignTime>
      <Attr Name="_DisplaySize" Value="30"/>
    </DesignTime>
  </ViewAttribute>
  <ViewAttribute
    Name="Surname"
    IsUpdateable="false"
    IsPersistent="false"
    PrecisionRule="true"
    Precision="30"
    Type="java.lang.String"
    ColumnType="VARCHAR2"
    AliasName="SURNAME"
    Expression="SURNAME"
    SQLType="VARCHAR">
    <DesignTime>
      <Attr Name="_DisplaySize" Value="30"/>
    </DesignTime>
  </ViewAttribute>
  <ViewAttribute
    Name="PhoneAddress"
    IsUpdateable="false"
    IsPersistent="false"
    PrecisionRule="true"
    Precision="30"
    Type="java.lang.String"
    ColumnType="VARCHAR2"
    AliasName="PHONE_ADDRESS"
    Expression="PHONE_ADDRESS"
    SQLType="VARCHAR">
    <DesignTime>
      <Attr Name="_DisplaySize" Value="30"/>
    </DesignTime>
  </ViewAttribute>
  <ViewAttribute
    Name="EmailAddress"
    IsUpdateable="false"
    IsPersistent="false"
    PrecisionRule="true"
    Precision="120"
    Type="java.lang.String"
    ColumnType="VARCHAR2"
    AliasName="EMAIL_ADDRESS"
    Expression="EMAIL_ADDRESS"
    SQLType="VARCHAR">
    <DesignTime>
      <Attr Name="_DisplaySize" Value="120"/>
    </DesignTime>
  </ViewAttribute>
  <ViewAttribute
    Name="FaxAddress"
    IsUpdateable="false"
    IsPersistent="false"
    PrecisionRule="true"
    Precision="30"
    Type="java.lang.String"
    ColumnType="VARCHAR2"
    AliasName="FAX_ADDRESS"
    Expression="FAX_ADDRESS"
    SQLType="VARCHAR">
    <DesignTime>
      <Attr Name="_DisplaySize" Value="30"/>
    </DesignTime>
  </ViewAttribute>
  <ViewAttribute
    Name="PostalAddressLines"
    IsUpdateable="false"
    IsPersistent="false"
    PrecisionRule="true"
    Precision="410"
    Type="java.lang.String"
    ColumnType="VARCHAR2"
    AliasName="POSTAL_ADDRESS_LINES"
    Expression="POSTAL_ADDRESS_LINES"
    SQLType="VARCHAR">
    <DesignTime>
      <Attr Name="_DisplaySize" Value="410"/>
    </DesignTime>
  </ViewAttribute>
  <ViewAttribute
    Name="PostalAddressStateName"
    IsUpdateable="false"
    IsPersistent="false"
    PrecisionRule="true"
    Precision="30"
    Type="java.lang.String"
    ColumnType="VARCHAR2"
    AliasName="POSTAL_ADDRESS_STATE_NAME"
    Expression="POSTAL_ADDRESS_STATE_NAME"
    SQLType="VARCHAR">
    <DesignTime>
      <Attr Name="_DisplaySize" Value="30"/>
    </DesignTime>
  </ViewAttribute>
  <ViewAttribute
    Name="PostalAddressPostalCode"
    IsUpdateable="false"
    IsPersistent="false"
    PrecisionRule="true"
    Precision="20"
    Type="java.lang.String"
    ColumnType="VARCHAR2"
    AliasName="POSTAL_ADDRESS_POSTAL_CODE"
    Expression="POSTAL_ADDRESS_POSTAL_CODE"
    SQLType="VARCHAR">
    <DesignTime>
      <Attr Name="_DisplaySize" Value="20"/>
    </DesignTime>
  </ViewAttribute>
  <ViewAttribute
    Name="PostalAddressCityName"
    IsUpdateable="false"
    IsPersistent="false"
    PrecisionRule="true"
    Precision="30"
    Type="java.lang.String"
    ColumnType="VARCHAR2"
    AliasName="POSTAL_ADDRESS_CITY_NAME"
    Expression="POSTAL_ADDRESS_CITY_NAME"
    SQLType="VARCHAR">
    <DesignTime>
      <Attr Name="_DisplaySize" Value="30"/>
    </DesignTime>
  </ViewAttribute>
  <ViewAttribute
    Name="PostalAddressCountryName"
    IsUpdateable="false"
    IsPersistent="false"
    PrecisionRule="true"
    Precision="30"
    Type="java.lang.String"
    ColumnType="VARCHAR2"
    AliasName="POSTAL_ADDRESS_COUNTRY_NAME"
    Expression="POSTAL_ADDRESS_COUNTRY_NAME"
    SQLType="VARCHAR">
    <DesignTime>
      <Attr Name="_DisplaySize" Value="30"/>
    </DesignTime>
  </ViewAttribute>
  <AttrArray Name="KeyAttributes">
    <Item Value="RoleAtSiteLvlCode"/>
  </AttrArray>
  <ResourceBundle>
    <PropertiesBundle
      PropertiesFile="vpomodel.VPORESTModelBundle"/>
  </ResourceBundle>
</ViewObject>
