<?xml version="1.0" encoding="UTF-8" ?>
<!DOCTYPE ViewObject SYSTEM "jbo_03_01.dtd">
<!---->
<ViewObject
  xmlns="http://xmlns.oracle.com/bc4j"
  Name="FormTrialsDetails"
  Version="12.2.1.9.14"
  InheritPersonalization="merge"
  BindingStyle="OracleName"
  CustomQuery="true"
  PageIterMode="Full">
  <DesignTime>
    <Attr Name="_isExpertMode" Value="true"/>
  </DesignTime>
  <Properties>
    <SchemaBasedProperties>
      <LABEL
        ResId="vpomodel.vo.FormTrialsDetails_LABEL"/>
    </SchemaBasedProperties>
  </Properties>
  <Variable
    Name="trialDetailsPersonnelId"
    Kind="where"
    Type="java.lang.String"/>
  <Variable
    Name="trialDetailsCountryCode"
    Kind="where"
    Type="java.lang.String"/>
  <Variable
    Name="trialDetailsStudyCode"
    Kind="where"
    Type="java.lang.String"/>
  <Variable
    Name="trialDetailsSiteId"
    Kind="where"
    Type="java.lang.String"/>
  <SQLQuery><![CDATA[SELECT  
SSP.STUDY_SITE_EREF,SSP.STUDY_CODE_ALIAS,SSP.STUDY_SITE_ID,P.PROJECT_CODE_ALIAS 
FROM ESB_V_STUDY_SITE_PERSONNEL SSP 
,ESB_V_STUDY S 
,ESB_V_PROJECT P 
WHERE  
SSP.STUDY_EREF=S.STUDY_EID 
AND P.PROJECT_EID = S.PROJECT_EREF 
AND SSP.PERSONNEL_ID like :trialDetailsPersonnelId   
AND SSP.COUNTRY_CODE  like  :trialDetailsCountryCode 
AND SSP.STUDY_CODE_ALIAS  like :trialDetailsStudyCode 
AND SSP.STUDY_SITE_ID = :trialDetailsSiteId]]></SQLQuery>
  <ViewAttribute
    Name="StudySiteEref"
    IsUpdateable="false"
    IsPersistent="false"
    PrecisionRule="true"
    Precision="255"
    Type="java.lang.String"
    ColumnType="VARCHAR2"
    AliasName="STUDY_SITE_EREF"
    Expression="STUDY_SITE_EREF"
    SQLType="VARCHAR">
    <DesignTime>
      <Attr Name="_DisplaySize" Value="200"/>
    </DesignTime>
  </ViewAttribute>
  <ViewAttribute
    Name="StudyCodeAlias"
    IsUpdateable="false"
    IsPersistent="false"
    PrecisionRule="true"
    Precision="20"
    Type="java.lang.String"
    ColumnType="VARCHAR2"
    AliasName="STUDY_CODE_ALIAS"
    Expression="STUDY_CODE_ALIAS"
    SQLType="VARCHAR">
    <DesignTime>
      <Attr Name="_DisplaySize" Value="20"/>
    </DesignTime>
  </ViewAttribute>
  <ViewAttribute
    Name="StudySiteId"
    IsUpdateable="false"
    IsPersistent="false"
    PrecisionRule="true"
    Precision="10"
    Type="java.lang.String"
    ColumnType="VARCHAR2"
    AliasName="STUDY_SITE_ID"
    Expression="STUDY_SITE_ID"
    SQLType="VARCHAR">
    <DesignTime>
      <Attr Name="_DisplaySize" Value="10"/>
    </DesignTime>
  </ViewAttribute>
  <ViewAttribute
    Name="ProjectCodeAlias"
    IsUpdateable="false"
    IsPersistent="false"
    PrecisionRule="true"
    Precision="20"
    Type="java.lang.String"
    ColumnType="VARCHAR2"
    AliasName="PROJECT_CODE_ALIAS"
    Expression="PROJECT_CODE_ALIAS"
    SQLType="VARCHAR">
    <DesignTime>
      <Attr Name="_DisplaySize" Value="20"/>
    </DesignTime>
  </ViewAttribute>
  <AttrArray Name="KeyAttributes">
    <Item Value="StudySiteId"/>
  </AttrArray>
  <ResourceBundle>
    <PropertiesBundle
      PropertiesFile="vpomodel.VPORESTModelBundle"/>
  </ResourceBundle>
</ViewObject>
