<?xml version="1.0" encoding="windows-1252" ?>
<!DOCTYPE ViewObject SYSTEM "jbo_03_01.dtd">
<!---->
<ViewObject
  xmlns="http://xmlns.oracle.com/bc4j"
  Name="GetSitePersnlId"
  Version="12.2.1.9.14"
  InheritPersonalization="merge"
  BindingStyle="OracleName"
  CustomQuery="true"
  PageIterMode="Full">
  <DesignTime>
    <Attr Name="_isExpertMode" Value="true"/>
  </DesignTime>
  <Properties>
    <SchemaBasedProperties>
      <LABEL
        ResId="vpomodel.vo.GetSitePersnlId_LABEL"/>
    </SchemaBasedProperties>
  </Properties>
  <Variable
    Name="studySiteId1"
    Kind="where"
    Type="java.lang.String"/>
  <Variable
    Name="studyCodeAlias"
    Kind="where"
    Type="java.lang.String"/>
  <Variable
    Name="countryCode"
    Kind="where"
    Type="java.lang.String"/>
  <SQLQuery><![CDATA[SELECT STUDY_SITE_PERSONNEL_ID_VPO, SSP.PERSONNEL_ID  
        FROM ESB_V_STUDY_SITE_PERSONNEL SSP  
WHERE SSP.STUDY_SITE_ID= :studySiteId1  
AND SSP.STUDY_CODE_ALIAS like :studyCodeAlias  
AND SSP.COUNTRY_CODE like :countryCode  
AND SSP.PERSONNEL_ID LIKE '%@CA%']]></SQLQuery>
  <ViewAttribute
    Name="StudySitePersonnelIdVpo"
    IsUpdateable="false"
    IsPersistent="false"
    PrecisionRule="true"
    Type="java.math.BigDecimal"
    ColumnType="NUMBER"
    AliasName="STUDY_SITE_PERSONNEL_ID_VPO"
    Expression="STUDY_SITE_PERSONNEL_ID_VPO"
    SQLType="NUMERIC"/>
  <ViewAttribute
    Name="PersonnelId"
    IsUpdateable="false"
    IsPersistent="false"
    PrecisionRule="true"
    Precision="44"
    Type="java.lang.String"
    ColumnType="VARCHAR2"
    AliasName="PERSONNEL_ID"
    Expression="PERSONNEL_ID"
    SQLType="VARCHAR">
    <DesignTime>
      <Attr Name="_DisplaySize" Value="44"/>
    </DesignTime>
  </ViewAttribute>
  <AttrArray Name="KeyAttributes">
    <Item Value="StudySitePersonnelIdVpo"/>
  </AttrArray>
  <ResourceBundle>
    <PropertiesBundle
      PropertiesFile="vpomodel.VPORESTModelBundle"/>
  </ResourceBundle>
</ViewObject>
