<?xml version="1.0" encoding="UTF-8" ?>
<!DOCTYPE ViewObject SYSTEM "jbo_03_01.dtd">
<!---->
<ViewObject
  xmlns="http://xmlns.oracle.com/bc4j"
  Name="PhaseDetails"
  Version="12.2.1.9.14"
  InheritPersonalization="merge"
  BindingStyle="OracleName"
  CustomQuery="true"
  PageIterMode="Full">
  <DesignTime>
    <Attr Name="_isExpertMode" Value="true"/>
  </DesignTime>
  <Properties>
    <SchemaBasedProperties>
      <LABEL
        ResId="vpomodel.vo.PhaseDetails_LABEL"/>
    </SchemaBasedProperties>
  </Properties>
  <Variable
    Name="phaseCountryId"
    Kind="where"
    Type="java.lang.String"/>
  <Variable
    Name="phaseRegionId"
    Kind="where"
    Type="java.lang.String"/>
  <SQLQuery><![CDATA[SELECT  PQ.REGION_ID,          
        PQ.REGION,          
        PQ.COUNTRY_ID,          
        PQ.COUNTRY,       
        PQ.REGION_COUNTRY_MAPPING_ID,      
        QM.QUESTION_ID,          
        QM.QUESTION_CATEGORY ,           
        QM.QUESTION_DETAILS,           
        NVL(HAECSUBMISSION,0) "HA/EC Submission",          
        NVL(RIS,0)"RIS"          
FROM    (SELECT REGION_COUNTRY_MAPPING_ID,           
                REGION_ID ,            
                REGION ,          
                COUNTRY_ID ,           
                COUNTRY ,          
                QUESTION_ID,          
                SUM(DECODE(PHASE_NAME, 'HA/EC Submission', 1,0)) "HAECSUBMISSION" ,           
                SUM(DECODE(PHASE_NAME, 'RIS', 1,0)) "RIS"           
         FROM  (SELECT  RC.ID REGION_COUNTRY_MAPPING_ID,          
                        REGION_ID ,           
                        (SELECT  REGION_CODE FROM REGION R WHERE R.REGION_ID = RC.REGION_ID) REGION ,           
                        COUNTRY_ID,          
                        (SELECT  COUNTRY_CODE FROM COUNTRY C WHERE C.COUNTRY_ID = RC.COUNTRY_ID) COUNTRY           
                FROM     REGION_COUNTRY_MAPPING RC)  RCM ,           
                PHASEWISE_QUESTION_DTLS PQD           
        WHERE   RCM.REGION_COUNTRY_MAPPING_ID =PQD.REGION_COUNTRY_ID    
        AND RCM.REGION_ID=:phaseRegionId         
        AND  RCM.COUNTRY_ID=:phaseCountryId    
        GROUP BY     REGION_COUNTRY_MAPPING_ID,REGION_ID ,           
                     REGION ,          
                     COUNTRY_ID,          
                     COUNTRY,          
                     QUESTION_ID) PQ,            
        QUESTION_MASTER QM          
WHERE   PQ.QUESTION_ID(+) = QM.QUESTION_ID               
ORDER BY QM.CREATED_DATE DESC]]></SQLQuery>
  <ViewAttribute
    Name="RegionId"
    IsUpdateable="false"
    IsPersistent="false"
    PrecisionRule="true"
    Type="java.math.BigDecimal"
    ColumnType="NUMBER"
    AliasName="REGION_ID"
    Expression="REGION_ID"
    SQLType="NUMERIC"/>
  <ViewAttribute
    Name="Region"
    IsUpdateable="false"
    IsPersistent="false"
    PrecisionRule="true"
    Precision="10"
    Type="java.lang.String"
    ColumnType="VARCHAR2"
    AliasName="REGION"
    Expression="REGION"
    SQLType="VARCHAR">
    <DesignTime>
      <Attr Name="_DisplaySize" Value="10"/>
    </DesignTime>
  </ViewAttribute>
  <ViewAttribute
    Name="CountryId"
    IsUpdateable="false"
    IsPersistent="false"
    PrecisionRule="true"
    Type="java.math.BigDecimal"
    ColumnType="NUMBER"
    AliasName="COUNTRY_ID"
    Expression="COUNTRY_ID"
    SQLType="NUMERIC"/>
  <ViewAttribute
    Name="Country"
    IsUpdateable="false"
    IsPersistent="false"
    PrecisionRule="true"
    Precision="3"
    Type="java.lang.String"
    ColumnType="VARCHAR2"
    AliasName="COUNTRY"
    Expression="COUNTRY"
    SQLType="VARCHAR">
    <DesignTime>
      <Attr Name="_DisplaySize" Value="3"/>
    </DesignTime>
  </ViewAttribute>
  <ViewAttribute
    Name="RegionCountryMappingId"
    IsUpdateable="false"
    IsPersistent="false"
    PrecisionRule="true"
    Type="java.math.BigDecimal"
    ColumnType="NUMBER"
    AliasName="REGION_COUNTRY_MAPPING_ID"
    Expression="REGION_COUNTRY_MAPPING_ID"
    SQLType="NUMERIC"/>
  <ViewAttribute
    Name="QuestionId"
    IsUpdateable="false"
    IsPersistent="false"
    PrecisionRule="true"
    Type="java.math.BigDecimal"
    ColumnType="NUMBER"
    AliasName="QUESTION_ID"
    Expression="QUESTION_ID"
    SQLType="NUMERIC"/>
  <ViewAttribute
    Name="QuestionCategory"
    IsUpdateable="false"
    IsPersistent="false"
    PrecisionRule="true"
    Precision="50"
    Type="java.lang.String"
    ColumnType="VARCHAR2"
    AliasName="QUESTION_CATEGORY"
    Expression="QUESTION_CATEGORY"
    SQLType="VARCHAR">
    <DesignTime>
      <Attr Name="_DisplaySize" Value="50"/>
    </DesignTime>
  </ViewAttribute>
  <ViewAttribute
    Name="QuestionDetails"
    IsUpdateable="false"
    IsPersistent="false"
    PrecisionRule="true"
    Precision="300"
    Type="java.lang.String"
    ColumnType="VARCHAR2"
    AliasName="QUESTION_DETAILS"
    Expression="QUESTION_DETAILS"
    SQLType="VARCHAR">
    <DesignTime>
      <Attr Name="_DisplaySize" Value="300"/>
    </DesignTime>
  </ViewAttribute>
  <ViewAttribute
    Name="HaEcSubmission"
    IsUpdateable="false"
    IsPersistent="false"
    PrecisionRule="true"
    Type="java.math.BigDecimal"
    ColumnType="NUMBER"
    AliasName='"HA/EC Submission"'
    Expression='"HA/EC Submission"'
    SQLType="NUMERIC"/>
  <ViewAttribute
    Name="Ris"
    IsUpdateable="false"
    IsPersistent="false"
    PrecisionRule="true"
    Type="java.math.BigDecimal"
    ColumnType="NUMBER"
    AliasName="RIS"
    Expression="RIS"
    SQLType="NUMERIC"/>
  <ResourceBundle>
    <PropertiesBundle
      PropertiesFile="vpomodel.VPORESTModelBundle"/>
  </ResourceBundle>
</ViewObject>
