<?xml version="1.0" encoding="UTF-8" ?>
<!DOCTYPE ViewObject SYSTEM "jbo_03_01.dtd">
<!---->
<ViewObject
  xmlns="http://xmlns.oracle.com/bc4j"
  Name="PWCLQuery"
  Version="12.2.1.9.14"
  InheritPersonalization="merge"
  BindingStyle="OracleName"
  CustomQuery="true"
  PageIterMode="Full">
  <DesignTime>
    <Attr Name="_isExpertMode" Value="true"/>
  </DesignTime>
  <Properties>
    <SchemaBasedProperties>
      <LABEL
        ResId="vpomodel.vo.PWCLQuery_LABEL"/>
    </SchemaBasedProperties>
  </Properties>
  <Variable
    Name="pwchlqueryphasename"
    Kind="where"
    Type="java.lang.String"/>
  <Variable
    Name="pwchlqueryregionid"
    Kind="where"
    Type="java.lang.String"/>
  <Variable
    Name="pwchlquerycountryid"
    Kind="where"
    Type="java.lang.String"/>
  <SQLQuery><![CDATA[SELECT REGION_COUNTRY_MAPPING_ID, 
  REGION_ID , 
  REGION , 
  COUNTRY_ID , 
  COUNTRY , 
  PQD.PHASEWISE_QUESTION_ID, 
  QM.QUESTION_ID, 
  QM.QUESTION_CATEGORY , 
  QM.QUESTION_DETAILS, 
  PQD.PHASE_NAME, 
  PQD.COMMENTS 
FROM 
  (SELECT RC.ID REGION_COUNTRY_MAPPING_ID, 
    REGION_ID , 
    (SELECT REGION_CODE FROM REGION R WHERE R.REGION_ID = RC.REGION_ID 
    ) REGION , 
    COUNTRY_ID, 
    (SELECT COUNTRY_CODE FROM COUNTRY C WHERE C.COUNTRY_ID = RC.COUNTRY_ID 
    ) COUNTRY 
  FROM REGION_COUNTRY_MAPPING RC 
  WHERE RC.REGION_ID = :pwchlqueryregionid 
  AND RC.COUNTRY_ID  = :pwchlquerycountryid 
  ) RCM , 
  PHASEWISE_QUESTION_DTLS PQD , 
  QUESTION_MASTER QM 
WHERE RCM.REGION_COUNTRY_MAPPING_ID =PQD.REGION_COUNTRY_ID 
AND QM.QUESTION_ID                  = PQD.QUESTION_ID 
AND PQD.PHASE_NAME                  like :pwchlqueryphasename]]></SQLQuery>
  <ViewAttribute
    Name="RegionCountryMappingId"
    IsUpdateable="false"
    IsPersistent="false"
    PrecisionRule="true"
    Type="java.math.BigDecimal"
    ColumnType="NUMBER"
    AliasName="REGION_COUNTRY_MAPPING_ID"
    Expression="REGION_COUNTRY_MAPPING_ID"
    SQLType="NUMERIC"/>
  <ViewAttribute
    Name="RegionId"
    IsUpdateable="false"
    IsPersistent="false"
    PrecisionRule="true"
    Type="java.math.BigDecimal"
    ColumnType="NUMBER"
    AliasName="REGION_ID"
    Expression="REGION_ID"
    SQLType="NUMERIC"/>
  <ViewAttribute
    Name="Region"
    IsUpdateable="false"
    IsPersistent="false"
    PrecisionRule="true"
    Precision="10"
    Type="java.lang.String"
    ColumnType="VARCHAR2"
    AliasName="REGION"
    Expression="REGION"
    SQLType="VARCHAR">
    <DesignTime>
      <Attr Name="_DisplaySize" Value="10"/>
    </DesignTime>
  </ViewAttribute>
  <ViewAttribute
    Name="CountryId"
    IsUpdateable="false"
    IsPersistent="false"
    PrecisionRule="true"
    Type="java.math.BigDecimal"
    ColumnType="NUMBER"
    AliasName="COUNTRY_ID"
    Expression="COUNTRY_ID"
    SQLType="NUMERIC"/>
  <ViewAttribute
    Name="Country"
    IsUpdateable="false"
    IsPersistent="false"
    PrecisionRule="true"
    Precision="3"
    Type="java.lang.String"
    ColumnType="VARCHAR2"
    AliasName="COUNTRY"
    Expression="COUNTRY"
    SQLType="VARCHAR">
    <DesignTime>
      <Attr Name="_DisplaySize" Value="3"/>
    </DesignTime>
  </ViewAttribute>
  <ViewAttribute
    Name="PhasewiseQuestionId"
    IsUpdateable="false"
    IsPersistent="false"
    PrecisionRule="true"
    Type="java.math.BigDecimal"
    ColumnType="NUMBER"
    AliasName="PHASEWISE_QUESTION_ID"
    Expression="PHASEWISE_QUESTION_ID"
    SQLType="NUMERIC"/>
  <ViewAttribute
    Name="QuestionId"
    IsUpdateable="false"
    IsPersistent="false"
    PrecisionRule="true"
    Type="java.math.BigDecimal"
    ColumnType="NUMBER"
    AliasName="QUESTION_ID"
    Expression="QUESTION_ID"
    SQLType="NUMERIC"/>
  <ViewAttribute
    Name="QuestionCategory"
    IsUpdateable="false"
    IsPersistent="false"
    PrecisionRule="true"
    Precision="50"
    Type="java.lang.String"
    ColumnType="VARCHAR2"
    AliasName="QUESTION_CATEGORY"
    Expression="QUESTION_CATEGORY"
    SQLType="VARCHAR">
    <DesignTime>
      <Attr Name="_DisplaySize" Value="50"/>
    </DesignTime>
  </ViewAttribute>
  <ViewAttribute
    Name="QuestionDetails"
    IsUpdateable="false"
    IsPersistent="false"
    PrecisionRule="true"
    Precision="300"
    Type="java.lang.String"
    ColumnType="VARCHAR2"
    AliasName="QUESTION_DETAILS"
    Expression="QUESTION_DETAILS"
    SQLType="VARCHAR">
    <DesignTime>
      <Attr Name="_DisplaySize" Value="300"/>
    </DesignTime>
  </ViewAttribute>
  <ViewAttribute
    Name="PhaseName"
    IsUpdateable="false"
    IsPersistent="false"
    PrecisionRule="true"
    Precision="50"
    Type="java.lang.String"
    ColumnType="VARCHAR2"
    AliasName="PHASE_NAME"
    Expression="PHASE_NAME"
    SQLType="VARCHAR">
    <DesignTime>
      <Attr Name="_DisplaySize" Value="50"/>
    </DesignTime>
  </ViewAttribute>
  <ViewAttribute
    Name="Comments"
    IsUpdateable="false"
    IsPersistent="false"
    PrecisionRule="true"
    Precision="200"
    Type="java.lang.String"
    ColumnType="VARCHAR2"
    AliasName="COMMENTS"
    Expression="COMMENTS"
    SQLType="VARCHAR">
    <DesignTime>
      <Attr Name="_DisplaySize" Value="200"/>
    </DesignTime>
  </ViewAttribute>
  <AttrArray Name="KeyAttributes">
    <Item Value="RegionId"/>
  </AttrArray>
  <ResourceBundle>
    <PropertiesBundle
      PropertiesFile="vpomodel.VPORESTModelBundle"/>
  </ResourceBundle>
</ViewObject>
