<?xml version="1.0" encoding="UTF-8" ?>
<!DOCTYPE ViewObject SYSTEM "jbo_03_01.dtd">
<!---->
<ViewObject
  xmlns="http://xmlns.oracle.com/bc4j"
  Name="SiteListForUser"
  Version="12.2.1.9.14"
  InheritPersonalization="merge"
  BindingStyle="OracleName"
  CustomQuery="true"
  PageIterMode="Full">
  <DesignTime>
    <Attr Name="_isExpertMode" Value="true"/>
  </DesignTime>
  <Properties>
    <SchemaBasedProperties>
      <LABEL
        ResId="vpomodel.vo.SiteListForUser_LABEL"/>
    </SchemaBasedProperties>
  </Properties>
  <Variable
    Name="in_personnel1"
    Kind="where"
    Type="java.lang.String"/>
  <Variable
    Name="in_countryCode"
    Kind="where"
    Type="java.lang.String"/>
  <SQLQuery><![CDATA[SELECT  SSP.STUDY_SITE_ID AS STUDYSITEID ,   SSP.STUDY_SITE_ID AS STUDYSITE 
FROM    ESB_V_STUDY_SITE_PERSONNEL SSP, ESB_V_STUDY S  
WHERE   SSP.STUDY_EREF=S.STUDY_EID 
AND     S.STUDY_STATUS_CODE IN ('A','P') 
AND     SSP.PERSONNEL_ID like :in_personnel1 
AND     SSP.STUDY_SITE_ID IS NOT NULL 
AND     SSP.COUNTRY_CODE like :in_countryCode]]></SQLQuery>
  <ViewAttribute
    Name="Studysiteid"
    IsUpdateable="false"
    IsPersistent="false"
    PrecisionRule="true"
    Precision="255"
    Type="java.lang.String"
    ColumnType="VARCHAR2"
    AliasName="STUDYSITEID"
    Expression="STUDYSITEID"
    SQLType="VARCHAR">
    <DesignTime>
      <Attr Name="_DisplaySize" Value="10"/>
    </DesignTime>
  </ViewAttribute>
  <ViewAttribute
    Name="Studysite"
    IsUpdateable="false"
    IsPersistent="false"
    PrecisionRule="true"
    Precision="10"
    Type="java.lang.String"
    ColumnType="VARCHAR2"
    AliasName="STUDYSITE"
    Expression="STUDYSITE"
    SQLType="VARCHAR">
    <DesignTime>
      <Attr Name="_DisplaySize" Value="10"/>
    </DesignTime>
  </ViewAttribute>
  <AttrArray Name="KeyAttributes">
    <Item Value="Studysiteid"/>
  </AttrArray>
  <ResourceBundle>
    <PropertiesBundle
      PropertiesFile="vpomodel.VPORESTModelBundle"/>
  </ResourceBundle>
</ViewObject>
