<?xml version="1.0" encoding="UTF-8" ?>
<!DOCTYPE ViewObject SYSTEM "jbo_03_01.dtd">
<!---->
<ViewObject
  xmlns="http://xmlns.oracle.com/bc4j"
  Name="TrialsForSite"
  Version="12.2.1.9.14"
  InheritPersonalization="merge"
  BindingStyle="OracleName"
  CustomQuery="true"
  PageIterMode="Full">
  <DesignTime>
    <Attr Name="_isExpertMode" Value="true"/>
  </DesignTime>
  <Properties>
    <SchemaBasedProperties>
      <LABEL
        ResId="vpomodel.vo.TrialsForSite_LABEL"/>
    </SchemaBasedProperties>
  </Properties>
  <Variable
    Name="in_studySite1"
    Kind="where"
    Type="java.lang.String"/>
  <Variable
    Name="in_personnel2"
    Kind="where"
    Type="java.lang.String"/>
  <Variable
    Name="in_countryCode3"
    Kind="where"
    Type="java.lang.String"/>
  <SQLQuery><![CDATA[SELECT  DISTINCT SSP.STUDY_SITE_EREF,SSP.STUDY_CODE_ALIAS--,SSP.*  
FROM    ESB_V_STUDY_SITE_PERSONNEL SSP, ESB_V_STUDY S  
WHERE   SSP.STUDY_EREF=S.STUDY_EID 
AND     S.STUDY_STATUS_CODE IN ('A','P') 
AND     SSP.STUDY_SITE_ID = :in_studySite1 
AND     SSP.PERSONNEL_ID like :in_personnel2 
AND     SSP.COUNTRY_CODE like :in_countryCode3]]></SQLQuery>
  <ViewAttribute
    Name="StudySiteEref"
    IsUpdateable="false"
    IsPersistent="false"
    PrecisionRule="true"
    Precision="255"
    Type="java.lang.String"
    ColumnType="VARCHAR2"
    AliasName="STUDY_SITE_EREF"
    Expression="STUDY_SITE_EREF"
    SQLType="VARCHAR">
    <DesignTime>
      <Attr Name="_DisplaySize" Value="200"/>
    </DesignTime>
  </ViewAttribute>
  <ViewAttribute
    Name="StudyCodeAlias"
    IsUpdateable="false"
    IsPersistent="false"
    PrecisionRule="true"
    Precision="20"
    Type="java.lang.String"
    ColumnType="VARCHAR2"
    AliasName="STUDY_CODE_ALIAS"
    Expression="STUDY_CODE_ALIAS"
    SQLType="VARCHAR">
    <DesignTime>
      <Attr Name="_DisplaySize" Value="20"/>
    </DesignTime>
  </ViewAttribute>
  <AttrArray Name="KeyAttributes">
    <Item Value="StudySiteEref"/>
  </AttrArray>
  <ResourceBundle>
    <PropertiesBundle
      PropertiesFile="vpomodel.VPORESTModelBundle"/>
  </ResourceBundle>
</ViewObject>
