<References xmlns="http://xmlns.oracle.com/adf/jndi">
    <Reference name="VPO" className="oracle.jdeveloper.db.adapter.DatabaseProvider" credentialStoreKey="VPO" xmlns="">
        <Factory className="oracle.jdevimpl.db.adapter.DatabaseProviderFactory1212"/>
        <RefAddresses>
            <StringRefAddr addrType="oraDriverType">
                <Contents>thin</Contents>
            </StringRefAddr>
            <StringRefAddr addrType="hostname">
                <Contents>10.154.195.126</Contents>
            </StringRefAddr>
            <SecureRefAddr addrType="password"/>
            <StringRefAddr addrType="subtype">
                <Contents>oraJDBC</Contents>
            </StringRefAddr>
            <StringRefAddr addrType="port">
                <Contents>1521</Contents>
            </StringRefAddr>
            <StringRefAddr addrType="user">
                <Contents>VPO</Contents>
            </StringRefAddr>
            <StringRefAddr addrType="sid">
                <Contents>ORCL</Contents>
            </StringRefAddr>
        </RefAddresses>
    </Reference>
</References>