<?xml version="1.0" encoding="windows-1252" ?>
<!DOCTYPE ViewObject SYSTEM "jbo_03_01.dtd">
<!---->
<ViewObject
  xmlns="http://xmlns.oracle.com/bc4j"
  Name="DelegateAccessMO3"
  Version="12.2.1.9.14"
  InheritPersonalization="merge"
  BindingStyle="OracleName"
  CustomQuery="true"
  PageIterMode="Full">
  <DesignTime>
    <Attr Name="_isExpertMode" Value="true"/>
  </DesignTime>
  <Properties>
    <SchemaBasedProperties>
      <LABEL
        ResId="vpomodel.vo.DelegateAccessMO3_LABEL"/>
    </SchemaBasedProperties>
  </Properties>
  <Variable
    Name="studyCodeAlias3"
    Kind="where"
    Type="java.lang.String"/>
  <Variable
    Name="countryCode3"
    Kind="where"
    Type="java.lang.String"/>
  <Variable
    Name="personnelIdDel3"
    Kind="where"
    Type="java.lang.String"/>
  <SQLQuery><![CDATA[SELECT DISTINCT SS.STUDY_SITE_ID 
FROM ESB_V_STUDY_SITE SS, STUDY_SITE_DELEGATION SSD 
WHERE SS.STUDY_SITE_ID_VPO=SSD.STUDY_SITE_ID_VPO 
AND SS.STUDY_CODE_ALIAS like :studyCodeAlias3  
AND SS.COUNTRY_CODE like :countryCode3 
AND SSD.DELGATION_ID IN 
(SELECT URD.DELEGATION_ID 
        FROM USER_ROLE_DELEGATION URD 
        WHERE URD.TO_USER_ID = 
        (SELECT UM.USER_ID 
        FROM USER_MASTER UM 
        WHERE UM.PERSONNEL_ID = 
        (SELECT PD.PERSONNEL_ID 
        FROM PERSONNEL_DETAILS PD 
        WHERE UPPER(PD.PERSONNEL_USER_ID)=UPPER(:personnelIdDel3))))]]></SQLQuery>
  <ViewAttribute
    Name="StudySiteId"
    IsUpdateable="false"
    IsPersistent="false"
    PrecisionRule="true"
    Precision="255"
    Type="java.lang.String"
    ColumnType="VARCHAR2"
    AliasName="STUDY_SITE_ID"
    Expression="STUDY_SITE_ID"
    SQLType="VARCHAR">
    <DesignTime>
      <Attr Name="_DisplaySize" Value="10"/>
    </DesignTime>
  </ViewAttribute>
  <AttrArray Name="KeyAttributes">
    <Item Value="StudySiteId"/>
  </AttrArray>
  <ResourceBundle>
    <PropertiesBundle
      PropertiesFile="vpomodel.VPORESTModelBundle"/>
  </ResourceBundle>
</ViewObject>
