<?xml version="1.0" encoding="UTF-8" ?>
<!DOCTYPE ViewObject SYSTEM "jbo_03_01.dtd">
<!---->
<ViewObject
  xmlns="http://xmlns.oracle.com/bc4j"
  Name="TrialsForSite"
  Version="12.2.1.12.24"
  InheritPersonalization="merge"
  BindingStyle="OracleName"
  CustomQuery="true"
  PageIterMode="Full">
  <DesignTime>
    <Attr Name="_isExpertMode" Value="true"/>
  </DesignTime>
  <Properties>
    <SchemaBasedProperties>
      <LABEL
        ResId="vpomodel.vo.TrialsForSite_LABEL"/>
    </SchemaBasedProperties>
  </Properties>
  <Variable
    Name="in_studySite1"
    Kind="where"
    Type="java.lang.String"/>
  <Variable
    Name="in_personnel2"
    Kind="where"
    Type="java.lang.String"/>
  <Variable
    Name="in_countryCode3"
    Kind="where"
    Type="java.lang.String"/>
  <SQLQuery><![CDATA[SELECT  DISTINCT SSP.STUDY_CODE_ALIAS 
FROM     ESB_V_STUDY S , ESB_V_STUDY_SITE SS, ESB_V_STUDY_SITE_PERSONNEL SSP,ESB_V_PERSONNEL P    
WHERE   S.STUDY_EID=SS.STUDY_EREF    
AND     SS.STUDY_SITE_EID=SSP.STUDY_SITE_EREF    
AND     P.PERSONNEL_EID=SSP.PERSONNEL_EREF    
AND     S.STUDY_STATUS_CODE IN ('A', 'P')    
AND     SS.STUDY_SITE_STATUS_CODE IN ('ACT','PLN')    
AND     P.OBJECT_STATE_CODE='Active'     
AND     SSP.END_DATE IS NULL    
AND     SSP.COUNTRY_CODE like :in_countryCode3    
AND     SSP.STUDY_SITE_ID=:in_studySite1    
AND     UPPER(SSP.PERSONNEL_ID) LIKE UPPER(:in_personnel2)    
    
UNION    
    
SELECT   DISTINCT SSP.STUDY_CODE_ALIAS    
FROM     ESB_V_STUDY S , ESB_V_STUDY_SITE SS, ESB_V_STUDY_SITE_PERSONNEL SSP,ESB_V_PERSONNEL P    
WHERE   S.STUDY_EID=SS.STUDY_EREF    
AND     SS.STUDY_SITE_EID=SSP.STUDY_SITE_EREF    
AND     P.PERSONNEL_EID=SSP.PERSONNEL_EREF    
AND     S.STUDY_STATUS_CODE IN ('A', 'P')    
AND     SS.STUDY_SITE_STATUS_CODE IN ('ACT','PLN')    
AND     UPPER(P.OBJECT_STATE_CODE) LIKE UPPER('Active')     
AND     SSP.END_DATE IS NULL    
AND     SSP.COUNTRY_CODE like :in_countryCode3    
AND     SSP.STUDY_SITE_ID=:in_studySite1    
AND     SS.STUDY_SITE_ID_VPO IN     
    
(SELECT SSD.STUDY_SITE_ID_VPO    
        FROM STUDY_SITE_DELEGATION SSD    
        WHERE SSD.DELGATION_ID    
        IN (    
        SELECT URD.DELEGATION_ID    
        FROM USER_ROLE_DELEGATION URD    
        WHERE UR_DELEGATION_FLAG='D'    
        AND URD.START_DATE <= SYSDATE    
        AND URD.END_DATE >= SYSDATE    
        AND URD.TO_USER_ID =    
        (SELECT UM.USER_ID     
        FROM USER_MASTER UM    
        WHERE UM.PERSONNEL_ID =    
        (SELECT PD.PERSONNEL_ID    
        FROM PERSONNEL_DETAILS PD    
        WHERE UPPER(PD.PERSONNEL_USER_ID) LIKE UPPER(:in_personnel2)))))]]></SQLQuery>
  <ViewAttribute
    Name="StudyCodeAlias"
    IsUpdateable="false"
    IsPersistent="false"
    PrecisionRule="true"
    Precision="20"
    Type="java.lang.String"
    ColumnType="VARCHAR2"
    AliasName="STUDY_CODE_ALIAS"
    Expression="STUDY_CODE_ALIAS"
    SQLType="VARCHAR">
    <DesignTime>
      <Attr Name="_DisplaySize" Value="20"/>
    </DesignTime>
  </ViewAttribute>
  <ResourceBundle>
    <PropertiesBundle
      PropertiesFile="vpomodel.VPORESTModelBundle"/>
  </ResourceBundle>
</ViewObject>
