<?xml version="1.0" encoding="windows-1252" ?>
<!DOCTYPE ViewObject SYSTEM "jbo_03_01.dtd">
<!---->
<ViewObject
  xmlns="http://xmlns.oracle.com/bc4j"
  Name="UserGetDetails"
  Version="12.2.1.12.24"
  InheritPersonalization="merge"
  BindingStyle="OracleName"
  CustomQuery="true"
  PageIterMode="Full">
  <DesignTime>
    <Attr Name="_isExpertMode" Value="true"/>
  </DesignTime>
  <Properties>
    <SchemaBasedProperties>
      <LABEL
        ResId="vpomodel.vo.UserGetDetails_LABEL"/>
    </SchemaBasedProperties>
  </Properties>
  <Variable
    Name="searchText1"
    Kind="where"
    Type="java.lang.String"/>
  <Variable
    Name="userId"
    Kind="where"
    Type="java.lang.String"/>
  <SQLQuery><![CDATA[SELECT  PD.PERSONNEL_USER_ID,PD.FIRST_NAME || ' ' || PD.SURNAME  Name  
,PD.EMAIL_ADDRESS,RM.ROLE_DESC,LISTAGG(RD.MODULE_NAME,',') within group (ORDER BY RD.MODULE_NAME) MODULE_ACCESS   
FROM PERSONNEL_DETAILS PD   
,USER_MASTER UM   
,ROLE_MASTER RM   
,USER_ROLE_MAPPING URM   
,ROLE_DETAILS RD   
WHERE    
RD.ROLE_DET_ID=URM.ROLE_DET_ID   
AND RM.ROLE_ID=RD.ROLE_ID   
AND URM.ROLE_DET_ID=RD.ROLE_DET_ID    
AND UM.USER_ID=URM.USER_ID   
AND PD.PERSONNEL_ID=UM.PERSONNEL_ID    
AND RM.ROLE_STATUS='ACTIVE'   
AND PD.PERSONNEL_USER_ID <> :userId   
AND PD.PERSONNEL_USER_ID IN    
(SELECT P.PERSONNEL_ID   
FROM ESB_V_PERSONNEL P   
WHERE    
P.OBJECT_STATE_CODE='Active' AND   
(UPPER(P.FORENAME) LIKE UPPER(:searchText1)    
OR UPPER(P.SURNAME) LIKE UPPER(:searchText1)    
OR UPPER(P.PERSONNEL_ID) like UPPER(:searchText1))    
)   
GROUP BY PD.PERSONNEL_USER_ID,PD.FIRST_NAME || ' ' || PD.SURNAME    
,PD.EMAIL_ADDRESS,RM.ROLE_DESC]]></SQLQuery>
  <ViewAttribute
    Name="PersonnelUserId"
    IsUpdateable="false"
    IsPersistent="false"
    PrecisionRule="true"
    Precision="255"
    Type="java.lang.String"
    ColumnType="VARCHAR2"
    AliasName="PERSONNEL_USER_ID"
    Expression="PERSONNEL_USER_ID"
    SQLType="VARCHAR">
    <DesignTime>
      <Attr Name="_DisplaySize" Value="50"/>
    </DesignTime>
  </ViewAttribute>
  <ViewAttribute
    Name="Name"
    IsUpdateable="false"
    IsPersistent="false"
    PrecisionRule="true"
    Precision="61"
    Type="java.lang.String"
    ColumnType="VARCHAR2"
    AliasName="NAME"
    Expression="NAME"
    SQLType="VARCHAR">
    <DesignTime>
      <Attr Name="_DisplaySize" Value="61"/>
    </DesignTime>
  </ViewAttribute>
  <ViewAttribute
    Name="EmailAddress"
    IsUpdateable="false"
    IsPersistent="false"
    PrecisionRule="true"
    Precision="120"
    Type="java.lang.String"
    ColumnType="VARCHAR2"
    AliasName="EMAIL_ADDRESS"
    Expression="EMAIL_ADDRESS"
    SQLType="VARCHAR">
    <DesignTime>
      <Attr Name="_DisplaySize" Value="120"/>
    </DesignTime>
  </ViewAttribute>
  <ViewAttribute
    Name="RoleDesc"
    IsUpdateable="false"
    IsPersistent="false"
    PrecisionRule="true"
    Precision="50"
    Type="java.lang.String"
    ColumnType="VARCHAR2"
    AliasName="ROLE_DESC"
    Expression="ROLE_DESC"
    SQLType="VARCHAR">
    <DesignTime>
      <Attr Name="_DisplaySize" Value="50"/>
    </DesignTime>
  </ViewAttribute>
  <ViewAttribute
    Name="ModuleAccess"
    IsUpdateable="false"
    IsPersistent="false"
    PrecisionRule="true"
    Precision="4000"
    Type="java.lang.String"
    ColumnType="VARCHAR2"
    AliasName="MODULE_ACCESS"
    Expression="MODULE_ACCESS"
    SQLType="VARCHAR">
    <DesignTime>
      <Attr Name="_DisplaySize" Value="4000"/>
    </DesignTime>
  </ViewAttribute>
  <AttrArray Name="KeyAttributes">
    <Item Value="PersonnelUserId"/>
  </AttrArray>
  <ResourceBundle>
    <PropertiesBundle
      PropertiesFile="vpomodel.VPORESTModelBundle"/>
  </ResourceBundle>
</ViewObject>
