<?xml version="1.0" encoding="UTF-8" ?>
<!DOCTYPE ViewObject SYSTEM "jbo_03_01.dtd">
<!---->
<ViewObject
  xmlns="http://xmlns.oracle.com/bc4j"
  Name="VendorDetails"
  Version="12.2.1.9.14"
  InheritPersonalization="merge"
  BindingStyle="OracleName"
  CustomQuery="true"
  PageIterMode="Full">
  <DesignTime>
    <Attr Name="_isExpertMode" Value="true"/>
  </DesignTime>
  <Properties>
    <SchemaBasedProperties>
      <LABEL
        ResId="vpomodel.vo.VendorDetails_LABEL"/>
    </SchemaBasedProperties>
  </Properties>
  <Variable
    Name="countryId1"
    Kind="where"
    Type="java.lang.String"/>
  <Variable
    Name="regionId1"
    Kind="where"
    Type="java.lang.String"/>
  <Variable
    Name="phaseName1"
    Kind="where"
    Type="java.lang.String"/>
  <SQLQuery><![CDATA[SELECT  QM.QUESTION_ID  "questionId"       
,QM.QUESTION_DETAILS    "questionDetails"                      
,QM.QUESTION_CATEGORY    "questionCategory"     
FROM QUESTION_MASTER QM,PHASEWISE_QUESTION_DTLS PQD, REGION_COUNTRY_MAPPING RCM                             
WHERE                              
PQD.REGION_COUNTRY_ID=RCM.ID                                   
AND RCM.COUNTRY_ID=:countryId1         
AND RCM.REGION_ID=:regionId1         
AND QM.QUESTION_ID=PQD.QUESTION_ID         
AND PQD.PHASE_NAME like :phaseName1      
ORDER BY QM.CREATED_DATE DESC]]></SQLQuery>
  <ViewAttribute
    Name="Questionid"
    IsUpdateable="false"
    IsPersistent="false"
    PrecisionRule="true"
    Type="java.math.BigDecimal"
    ColumnType="NUMBER"
    AliasName='"questionId"'
    Expression='"questionId"'
    SQLType="NUMERIC"/>
  <ViewAttribute
    Name="Questiondetails"
    IsUpdateable="false"
    IsPersistent="false"
    PrecisionRule="true"
    Precision="300"
    Type="java.lang.String"
    ColumnType="VARCHAR2"
    AliasName='"questionDetails"'
    Expression='"questionDetails"'
    SQLType="VARCHAR">
    <DesignTime>
      <Attr Name="_DisplaySize" Value="300"/>
    </DesignTime>
  </ViewAttribute>
  <ViewAttribute
    Name="Questioncategory"
    IsUpdateable="false"
    IsPersistent="false"
    PrecisionRule="true"
    Precision="50"
    Type="java.lang.String"
    ColumnType="VARCHAR2"
    AliasName='"questionCategory"'
    Expression='"questionCategory"'
    SQLType="VARCHAR">
    <DesignTime>
      <Attr Name="_DisplaySize" Value="50"/>
    </DesignTime>
  </ViewAttribute>
  <AttrArray Name="KeyAttributes">
    <Item Value="Questionid"/>
  </AttrArray>
  <ResourceBundle>
    <PropertiesBundle
      PropertiesFile="vpomodel.VPORESTModelBundle"/>
  </ResourceBundle>
</ViewObject>
