<?xml version="1.0" encoding="UTF-8" ?>
<!DOCTYPE ViewObject SYSTEM "jbo_03_01.dtd">
<!---->
<ViewObject
  xmlns="http://xmlns.oracle.com/bc4j"
  Name="AccessHistoryByMe"
  Version="12.2.1.9.14"
  InheritPersonalization="merge"
  BindingStyle="OracleName"
  CustomQuery="true"
  PageIterMode="Full">
  <DesignTime>
    <Attr Name="_isExpertMode" Value="true"/>
  </DesignTime>
  <Properties>
    <SchemaBasedProperties>
      <LABEL
        ResId="vpomodel.vo.AccessHistoryByMe_LABEL"/>
    </SchemaBasedProperties>
  </Properties>
  <Variable
    Name="personnelId"
    Kind="where"
    Type="java.lang.String"/>
  <SQLQuery><![CDATA[SELECT DISTINCT     
PD.PERSONNEL_USER_ID "USERID"    
,PD.FIRST_NAME || PD.SURNAME "NAME"    
,PD.EMAIL_ADDRESS "EMAIL"    
,GET_PERSONNEL_ROLE_DESC(PD.PERSONNEL_USER_ID)  "PERSONNELROLEDESC"   
,URD.START_DATE "FROMDATE"    
,URD.END_DATE "TODATE"   
, URD.DELEGATION_ID "DELEGATIONID" 
, URD.TO_USER_ID "ToUSerID" 
, URD.ROLE_ID "RoleID" 
FROM USER_ROLE_DELEGATION URD,PERSONNEL_DETAILS PD,USER_MASTER UM    
WHERE URD.UR_DELEGATION_FLAG IN ('D','R')    
 AND PD.PERSONNEL_ID=UM.PERSONNEL_ID     
AND UM.USER_ID=URD.TO_USER_ID    
AND URD.FROM_USER_ID=(SELECT UM.USER_ID    
FROM USER_MASTER UM,PERSONNEL_DETAILS PD WHERE     
UM.PERSONNEL_ID=PD.PERSONNEL_ID    
AND PD.PERSONNEL_USER_ID like :personnelId)]]></SQLQuery>
  <ViewAttribute
    Name="Userid"
    IsUpdateable="false"
    IsPersistent="false"
    PrecisionRule="true"
    Precision="50"
    Type="java.lang.String"
    ColumnType="VARCHAR2"
    AliasName="USERID"
    Expression="USERID"
    SQLType="VARCHAR">
    <DesignTime>
      <Attr Name="_DisplaySize" Value="50"/>
    </DesignTime>
  </ViewAttribute>
  <ViewAttribute
    Name="Name"
    IsUpdateable="false"
    IsPersistent="false"
    PrecisionRule="true"
    Precision="60"
    Type="java.lang.String"
    ColumnType="VARCHAR2"
    AliasName="NAME"
    Expression="NAME"
    SQLType="VARCHAR">
    <DesignTime>
      <Attr Name="_DisplaySize" Value="60"/>
    </DesignTime>
  </ViewAttribute>
  <ViewAttribute
    Name="Email"
    IsUpdateable="false"
    IsPersistent="false"
    PrecisionRule="true"
    Precision="120"
    Type="java.lang.String"
    ColumnType="VARCHAR2"
    AliasName="EMAIL"
    Expression="EMAIL"
    SQLType="VARCHAR">
    <DesignTime>
      <Attr Name="_DisplaySize" Value="120"/>
    </DesignTime>
  </ViewAttribute>
  <ViewAttribute
    Name="Personnelroledesc"
    IsUpdateable="false"
    IsPersistent="false"
    PrecisionRule="true"
    Precision="4000"
    Type="java.lang.String"
    ColumnType="VARCHAR2"
    AliasName="PERSONNELROLEDESC"
    Expression="PERSONNELROLEDESC"
    SQLType="VARCHAR">
    <DesignTime>
      <Attr Name="_DisplaySize" Value="4000"/>
    </DesignTime>
  </ViewAttribute>
  <ViewAttribute
    Name="Fromdate"
    IsUpdateable="false"
    IsPersistent="false"
    PrecisionRule="true"
    Precision="50"
    Type="java.lang.String"
    ColumnType="VARCHAR2"
    AliasName="FROMDATE"
    Expression="FROMDATE"
    SQLType="VARCHAR">
    <DesignTime>
      <Attr Name="_DisplaySize" Value="50"/>
    </DesignTime>
  </ViewAttribute>
  <ViewAttribute
    Name="Todate"
    IsUpdateable="false"
    IsPersistent="false"
    PrecisionRule="true"
    Precision="50"
    Type="java.lang.String"
    ColumnType="VARCHAR2"
    AliasName="TODATE"
    Expression="TODATE"
    SQLType="VARCHAR">
    <DesignTime>
      <Attr Name="_DisplaySize" Value="50"/>
    </DesignTime>
  </ViewAttribute>
  <ViewAttribute
    Name="Delegationid"
    IsUpdateable="false"
    IsPersistent="false"
    PrecisionRule="true"
    Type="java.math.BigDecimal"
    ColumnType="NUMBER"
    AliasName="DELEGATIONID"
    Expression="DELEGATIONID"
    SQLType="NUMERIC"/>
  <ViewAttribute
    Name="Touserid"
    IsUpdateable="false"
    IsPersistent="false"
    PrecisionRule="true"
    Type="java.math.BigDecimal"
    ColumnType="NUMBER"
    AliasName='"ToUSerID"'
    Expression='"ToUSerID"'
    SQLType="NUMERIC"/>
  <ViewAttribute
    Name="Roleid"
    IsUpdateable="false"
    IsPersistent="false"
    PrecisionRule="true"
    Type="java.math.BigDecimal"
    ColumnType="NUMBER"
    AliasName='"RoleID"'
    Expression='"RoleID"'
    SQLType="NUMERIC"/>
  <ResourceBundle>
    <PropertiesBundle
      PropertiesFile="vpomodel.VPORESTModelBundle"/>
  </ResourceBundle>
</ViewObject>
