<?xml version="1.0" encoding="UTF-8" ?>
<!DOCTYPE ViewObject SYSTEM "jbo_03_01.dtd">
<!---->
<ViewObject
  xmlns="http://xmlns.oracle.com/bc4j"
  Name="CountriesValuesVO"
  Version="12.2.1.20.47"
  InheritPersonalization="merge"
  BindingStyle="OracleName"
  CustomQuery="true"
  PageIterMode="Full">
  <DesignTime>
    <Attr Name="_isExpertMode" Value="true"/>
  </DesignTime>
  <Properties>
    <SchemaBasedProperties>
      <LABEL
        ResId="vpomodel.vo.CountriesValuesVO_LABEL"/>
    </SchemaBasedProperties>
  </Properties>
  <Variable
    Name="countryPersonnelId"
    Kind="where"
    Type="java.lang.String"/>
  <SQLQuery><![CDATA[SELECT DISTINCT SSP.COUNTRY_CODE       
FROM ESB_V_STUDY_SITE_PERSONNEL SSP       
WHERE        
SSP.END_DATE IS NULL       
AND SSP.ROLE_AT_SITE_LVL_CODE IN ('MCH','MMA')        
AND SSP.PERSONNEL_ID= :countryPersonnelId      
UNION      
  SELECT      
  CD.COUNTRY_CODE      
                        FROM      
                            user_role_delegation urd,COUNTRY_DELEGATION CD      
                        WHERE      
                        URD.DELEGATION_ID=CD.DELEGATION_ID      
                        AND      
                          urd.start_date <= SYSDATE      
                            AND   urd.end_date >= SYSDATE      
                            AND   ur_delegation_flag = 'D'      
                            AND   urd.to_user_id = (      
                                SELECT      
                                    um.user_id      
                                FROM      
                                    user_master um      
                                WHERE      
                                    um.personnel_id = (      
                                        SELECT      
                                            pd.personnel_id      
                                        FROM      
                                            personnel_details pd      
                                        WHERE      
                                            upper(pd.personnel_user_id) = upper(:countryPersonnelId)      
                                    )      
                            )]]></SQLQuery>
  <ViewAttribute
    Name="CountryCode"
    IsUpdateable="false"
    IsPersistent="false"
    PrecisionRule="true"
    Precision="3"
    Type="java.lang.String"
    ColumnType="VARCHAR2"
    AliasName="COUNTRY_CODE"
    Expression="COUNTRY_CODE"
    SQLType="VARCHAR">
    <DesignTime>
      <Attr Name="_DisplaySize" Value="3"/>
    </DesignTime>
  </ViewAttribute>
  <ResourceBundle>
    <PropertiesBundle
      PropertiesFile="vpomodel.VPORESTModelBundle"/>
  </ResourceBundle>
</ViewObject>
