<?xml version="1.0" encoding="UTF-8" ?>
<!DOCTYPE ViewObject SYSTEM "jbo_03_01.dtd">
<!---->
<ViewObject
  xmlns="http://xmlns.oracle.com/bc4j"
  Name="DelegateRevokeAccessStudy"
  Version="12.2.1.20.47"
  InheritPersonalization="merge"
  BindingStyle="OracleName"
  CustomQuery="true"
  PageIterMode="Full">
  <DesignTime>
    <Attr Name="_isExpertMode" Value="true"/>
  </DesignTime>
  <Properties>
    <SchemaBasedProperties>
      <LABEL
        ResId="vpomodel.vo.DelegateRevokeAccessStudy_LABEL"/>
    </SchemaBasedProperties>
  </Properties>
  <Variable
    Name="delegationId"
    Kind="where"
    Type="java.lang.String"/>
  <SQLQuery><![CDATA[SELECT  DISTINCT SS.STUDY_CODE_ALIAS      
FROM ESB_V_STUDY_SITE SS, STUDY_SITE_DELEGATION SSD      
WHERE SS.STUDY_SITE_ID_VPO=SSD.STUDY_SITE_ID_VPO      
AND SSD.DELGATION_ID  = :delegationId]]></SQLQuery>
  <ViewAttribute
    Name="StudyCodeAlias"
    IsUpdateable="false"
    IsPersistent="false"
    PrecisionRule="true"
    Precision="255"
    Type="java.lang.String"
    ColumnType="VARCHAR2"
    AliasName="STUDY_CODE_ALIAS"
    Expression="STUDY_CODE_ALIAS"
    SQLType="VARCHAR">
    <DesignTime>
      <Attr Name="_DisplaySize" Value="20"/>
    </DesignTime>
  </ViewAttribute>
  <AttrArray Name="KeyAttributes">
    <Item Value="StudyCodeAlias"/>
  </AttrArray>
  <ResourceBundle>
    <PropertiesBundle
      PropertiesFile="vpomodel.VPORESTModelBundle"/>
  </ResourceBundle>
</ViewObject>
