<?xml version="1.0" encoding="UTF-8" ?>
<!DOCTYPE ViewObject SYSTEM "jbo_03_01.dtd">
<!---->
<ViewObject
  xmlns="http://xmlns.oracle.com/bc4j"
  Name="TrialsSiteSummaryCH1"
  Version="12.2.1.12.24"
  InheritPersonalization="merge"
  BindingStyle="OracleName"
  CustomQuery="true"
  PageIterMode="Full">
  <DesignTime>
    <Attr Name="_isExpertMode" Value="true"/>
  </DesignTime>
  <Properties>
    <SchemaBasedProperties>
      <LABEL
        ResId="vpomodel.vo.TrialsSiteSummaryCH1_LABEL"/>
    </SchemaBasedProperties>
  </Properties>
  <Variable
    Name="summaryMoStudyCode"
    Kind="where"
    Type="java.lang.String"/>
  <Variable
    Name="summaryMoPersonnelId"
    Kind="where"
    Type="java.lang.String"/>
  <SQLQuery><![CDATA[SELECT  DISTINCT   
        SS.STUDY_CODE_ALIAS,   
        SS.STUDY_SITE_ID,    
        PINV.INVESTIGATOR_NAME,   
        NVL((   SELECT  COUNT(1)    
                FROM    VENDOR_FORM VF    
                WHERE   VF.STUDY_SITE_ID_VPO = SS.STUDY_SITE_ID_VPO    
                              AND VF.STATUS='DRAFT'   
                GROUP BY  VF.STUDY_SITE_ID_VPO  ),0   
         ) PENDING_FORMS,   
        0 PENDING_SHIPMENT,   
        (0 + (NVL((SELECT  COUNT(1) FROM VENDOR_FORM VF    
                        WHERE  VF.STUDY_SITE_ID_VPO = SS.STUDY_SITE_ID_VPO                          
                        GROUP BY  VF.STUDY_SITE_ID_VPO  ),0))) AS TOTAL_ACTION   
FROM      ESB_V_STUDY S, ESB_V_STUDY_SITE SS,   
        (   SELECT    DISTINCT SSP1.STUDY_SITE_EREF,P.FORENAME || ' '|| P.SURNAME  INVESTIGATOR_NAME   
            FROM      ESB_V_PERSONNEL P  , ESB_V_STUDY_SITE_PERSONNEL SSP1   
            WHERE     P.PERSONNEL_ID = SSP1.PERSONNEL_ID    
            AND   SSP1.ROLE_AT_SITE_LVL_CODE = 'PINV') PINV   
WHERE   S.STUDY_EID=SS.STUDY_EREF    
AND     S.STUDY_STATUS_CODE IN ('A','P')   
AND     PINV.STUDY_SITE_EREF(+) = SS.STUDY_SITE_EID   
AND     SS.STUDY_SITE_STATUS_CODE IN ('ACT','PLN')    
AND SS.STUDY_CODE_ALIAS= :summaryMoStudyCode   
AND SS.STUDY_SITE_ID_VPO IN    
   
(SELECT SS.STUDY_SITE_ID_VPO   
FROM ESB_V_STUDY_SITE_PERSONNEL SSP,ESB_V_STUDY_SITE SS,ESB_V_STUDY S   
WHERE SS.STUDY_SITE_EID=SSP.STUDY_SITE_EREF   
AND S.STUDY_EID=SS.STUDY_EREF   
AND SS.STUDY_SITE_STATUS_CODE IN ('ACT','PLN') AND S.STUDY_STATUS_CODE IN ('A','P')   
AND UPPER(SSP.PERSONNEL_ID) = UPPER(:summaryMoPersonnelId)   
UNION   
SELECT SSD.STUDY_SITE_ID_VPO   
        FROM STUDY_SITE_DELEGATION SSD   
        WHERE SSD.STUDY_SITE_DEL_FLAG='D'   
        AND SSD.DELGATION_ID   
        IN (   
        SELECT URD.DELEGATION_ID   
        FROM USER_ROLE_DELEGATION URD   
        WHERE    
        URD.UR_DELEGATION_FLAG='D'   
        AND URD.START_DATE <=SYSDATE  
        AND URD.END_DATE >=SYSDATE  
        AND  URD.TO_USER_ID =   
        (SELECT UM.USER_ID   
        FROM USER_MASTER UM   
        WHERE UM.PERSONNEL_ID =   
        (SELECT PD.PERSONNEL_ID   
        FROM PERSONNEL_DETAILS PD   
        WHERE UPPER(PD.PERSONNEL_USER_ID)=UPPER(:summaryMoPersonnelId)))))]]></SQLQuery>
  <ViewAttribute
    Name="StudyCodeAlias"
    IsUpdateable="false"
    IsPersistent="false"
    PrecisionRule="true"
    Precision="255"
    Type="java.lang.String"
    ColumnType="VARCHAR2"
    AliasName="STUDY_CODE_ALIAS"
    Expression="STUDY_CODE_ALIAS"
    SQLType="VARCHAR">
    <DesignTime>
      <Attr Name="_DisplaySize" Value="20"/>
    </DesignTime>
  </ViewAttribute>
  <ViewAttribute
    Name="StudySiteId"
    IsUpdateable="false"
    IsPersistent="false"
    PrecisionRule="true"
    Precision="10"
    Type="java.lang.String"
    ColumnType="VARCHAR2"
    AliasName="STUDY_SITE_ID"
    Expression="STUDY_SITE_ID"
    SQLType="VARCHAR">
    <DesignTime>
      <Attr Name="_DisplaySize" Value="10"/>
    </DesignTime>
  </ViewAttribute>
  <ViewAttribute
    Name="InvestigatorName"
    IsUpdateable="false"
    IsPersistent="false"
    PrecisionRule="true"
    Precision="61"
    Type="java.lang.String"
    ColumnType="VARCHAR2"
    AliasName="INVESTIGATOR_NAME"
    Expression="INVESTIGATOR_NAME"
    SQLType="VARCHAR">
    <DesignTime>
      <Attr Name="_DisplaySize" Value="61"/>
    </DesignTime>
  </ViewAttribute>
  <ViewAttribute
    Name="PendingForms"
    IsUpdateable="false"
    IsPersistent="false"
    PrecisionRule="true"
    Type="java.math.BigDecimal"
    ColumnType="NUMBER"
    AliasName="PENDING_FORMS"
    Expression="PENDING_FORMS"
    SQLType="NUMERIC"/>
  <ViewAttribute
    Name="PendingShipment"
    IsUpdateable="false"
    IsPersistent="false"
    PrecisionRule="true"
    Type="java.math.BigDecimal"
    ColumnType="NUMBER"
    AliasName="PENDING_SHIPMENT"
    Expression="PENDING_SHIPMENT"
    SQLType="NUMERIC"/>
  <ViewAttribute
    Name="TotalAction"
    IsUpdateable="false"
    IsPersistent="false"
    PrecisionRule="true"
    Type="java.math.BigDecimal"
    ColumnType="NUMBER"
    AliasName="TOTAL_ACTION"
    Expression="TOTAL_ACTION"
    SQLType="NUMERIC"/>
  <ResourceBundle>
    <PropertiesBundle
      PropertiesFile="vpomodel.VPORESTModelBundle"/>
  </ResourceBundle>
</ViewObject>
