<?xml version="1.0" encoding="UTF-8" ?>
<!DOCTYPE ViewObject SYSTEM "jbo_03_01.dtd">
<!---->
<ViewObject
  xmlns="http://xmlns.oracle.com/bc4j"
  Name="TrialsAlertsUnreadCount"
  Version="12.2.1.9.14"
  InheritPersonalization="merge"
  BindingStyle="OracleName"
  CustomQuery="true"
  PageIterMode="Full">
  <DesignTime>
    <Attr Name="_isExpertMode" Value="true"/>
  </DesignTime>
  <Properties>
    <SchemaBasedProperties>
      <LABEL
        ResId="vpomodel.vo.TrialsAlertsUnreadCount_LABEL"/>
    </SchemaBasedProperties>
  </Properties>
  <Variable
    Name="trialsAlerts_personnelId"
    Kind="where"
    Type="java.lang.String"/>
  <Variable
    Name="trialsAlerts_studyCode"
    Kind="where"
    Type="java.lang.String"/>
  <SQLQuery><![CDATA[SELECT  'UnreadCount' , COUNT(1)  
FROM    USER_ALERT_DETAILS UAD , ESB_V_STUDY_SITE SS 
WHERE   UAD.PERSONNEL_ID like :trialsAlerts_personnelId 
AND     UAD.STUDY_SITE_ID_VPO= SS.STUDY_SITE_ID_VPO 
AND     SS.STUDY_SITE_STATUS_CODE IN ('ACT','PLN') 
AND     SS.STUDY_CODE_ALIAS like :trialsAlerts_studyCode 
AND     UAD.READ_FLAG = 'N']]></SQLQuery>
  <ViewAttribute
    Name="Unreadcount"
    IsUpdateable="false"
    IsPersistent="false"
    PrecisionRule="true"
    Precision="255"
    Type="java.lang.String"
    ColumnType="VARCHAR2"
    AliasName="&quot;'UNREADCOUNT'&quot;"
    Expression="&quot;'UNREADCOUNT'&quot;"
    SQLType="CHAR">
    <DesignTime>
      <Attr Name="_DisplaySize" Value="11"/>
    </DesignTime>
  </ViewAttribute>
  <ViewAttribute
    Name="Selectobjects1"
    IsUpdateable="false"
    IsPersistent="false"
    PrecisionRule="true"
    Type="java.math.BigDecimal"
    ColumnType="NUMBER"
    AliasName="SELECTOBJECTS1"
    Expression="SELECTOBJECTS1"
    SQLType="NUMERIC"/>
  <AttrArray Name="KeyAttributes">
    <Item Value="Unreadcount"/>
  </AttrArray>
  <ResourceBundle>
    <PropertiesBundle
      PropertiesFile="vpomodel.VPORESTModelBundle"/>
  </ResourceBundle>
</ViewObject>
