<?xml version="1.0" encoding="windows-1252" ?>
<!DOCTYPE ViewObject SYSTEM "jbo_03_01.dtd">
<!---->
<ViewObject
  xmlns="http://xmlns.oracle.com/bc4j"
  Name="UserGetDetails"
  Version="12.2.1.20.47"
  InheritPersonalization="merge"
  BindingStyle="OracleName"
  CustomQuery="true"
  PageIterMode="Full">
  <DesignTime>
    <Attr Name="_isExpertMode" Value="true"/>
  </DesignTime>
  <Properties>
    <SchemaBasedProperties>
      <LABEL
        ResId="vpomodel.vo.UserGetDetails_LABEL"/>
    </SchemaBasedProperties>
  </Properties>
  <Variable
    Name="searchtext1"
    Kind="where"
    Type="java.lang.String"/>
  <Variable
    Name="userid"
    Kind="where"
    Type="java.lang.String"/>
  <SQLQuery><![CDATA[SELECT 
    pd.personnel_user_id, 
    pd.first_name 
    || ' ' 
    || pd.surname name, 
    pd.email_address, 
    rm.role_desc, 
    LISTAGG(rd.module_name, 
    ',') WITHIN GROUP( 
    ORDER BY 
        rd.module_name 
    ) module_access 
FROM 
    personnel_details pd, 
    user_master um, 
    role_master rm, 
    user_role_mapping urm, 
    role_details rd 
WHERE 
    rd.role_det_id = urm.role_det_id 
    AND   rm.role_id = rd.role_id 
    AND   urm.role_det_id = rd.role_det_id 
    AND   um.user_id = urm.user_id 
    AND   pd.personnel_id = um.personnel_id 
    AND   upper(rm.role_status) LIKE upper('ACTIVE') 
    AND   pd.personnel_user_id NOT LIKE :userid 
    AND   pd.personnel_user_id IN ( 
        SELECT DISTINCT 
            p.personnel_id 
        FROM 
            esb_v_personnel p, 
            esb_v_study_site_personnel ssp, 
            esb_v_study s, 
            esb_v_study_site ss, 
            esb_v_project prj 
        WHERE 
            p.personnel_eid = ssp.personnel_eref 
            AND   s.study_eid = ss.study_eref 
            AND   ss.study_site_eid = ssp.study_site_eref 
            AND   prj.project_eid = s.project_eref 
            AND   s.study_status_code IN ( 
                'A', 
                'P' 
            ) 
            AND   ss.study_site_status_code IN ( 
                'ACT', 
                'PLN' 
            ) 
            AND   prj.status_code IN ( 
                'AC', 
                'PL' 
            ) 
            AND   p.object_state_code IN ( 
                'Active' 
            ) 
            AND   ssp.end_date IS NULL 
            AND   p.personnel_id NOT LIKE '%C@CA' 
            AND   ( 
                upper(p.forename) LIKE upper(:searchtext1) 
                OR    upper(p.surname) LIKE upper(:searchtext1) 
                OR    upper(p.personnel_id) LIKE upper(:searchtext1) 
            ) 
            AND   prj.project_eid IN ( 
                SELECT DISTINCT 
                    prj.project_eid 
                FROM 
                    esb_v_personnel p, 
                    esb_v_study_site_personnel ssp, 
                    esb_v_study s, 
                    esb_v_study_site ss, 
                    esb_v_project prj 
                WHERE 
                    p.personnel_eid = ssp.personnel_eref 
                    AND   s.study_eid = ss.study_eref 
                    AND   ss.study_site_eid = ssp.study_site_eref 
                    AND   prj.project_eid = s.project_eref 
                    AND   s.study_status_code IN ( 
                        'A', 
                        'P' 
                    ) 
                    AND   ss.study_site_status_code IN ( 
                        'ACT', 
                        'PLN' 
                    ) 
                    AND   prj.status_code IN ( 
                        'AC', 
                        'PL' 
                    ) 
                    AND   p.object_state_code IN ( 
                        'Active' 
                    ) 
                    AND   ssp.end_date IS NULL 
                    AND   p.personnel_id NOT LIKE '%C@CA' 
                    AND   p.personnel_id LIKE :userid 
            ) 
    ) 
GROUP BY 
    pd.personnel_user_id, 
    pd.first_name 
    || ' ' 
    || pd.surname, 
    pd.email_address, 
    rm.role_desc]]></SQLQuery>
  <ViewAttribute
    Name="PersonnelUserId"
    IsUpdateable="false"
    IsPersistent="false"
    PrecisionRule="true"
    Precision="255"
    Type="java.lang.String"
    ColumnType="VARCHAR2"
    AliasName="PERSONNEL_USER_ID"
    Expression="PERSONNEL_USER_ID"
    SQLType="VARCHAR">
    <DesignTime>
      <Attr Name="_DisplaySize" Value="50"/>
    </DesignTime>
  </ViewAttribute>
  <ViewAttribute
    Name="Name"
    IsUpdateable="false"
    IsPersistent="false"
    PrecisionRule="true"
    Precision="61"
    Type="java.lang.String"
    ColumnType="VARCHAR2"
    AliasName="NAME"
    Expression="NAME"
    SQLType="VARCHAR">
    <DesignTime>
      <Attr Name="_DisplaySize" Value="61"/>
    </DesignTime>
  </ViewAttribute>
  <ViewAttribute
    Name="EmailAddress"
    IsUpdateable="false"
    IsPersistent="false"
    PrecisionRule="true"
    Precision="120"
    Type="java.lang.String"
    ColumnType="VARCHAR2"
    AliasName="EMAIL_ADDRESS"
    Expression="EMAIL_ADDRESS"
    SQLType="VARCHAR">
    <DesignTime>
      <Attr Name="_DisplaySize" Value="120"/>
    </DesignTime>
  </ViewAttribute>
  <ViewAttribute
    Name="RoleDesc"
    IsUpdateable="false"
    IsPersistent="false"
    PrecisionRule="true"
    Precision="50"
    Type="java.lang.String"
    ColumnType="VARCHAR2"
    AliasName="ROLE_DESC"
    Expression="ROLE_DESC"
    SQLType="VARCHAR">
    <DesignTime>
      <Attr Name="_DisplaySize" Value="50"/>
    </DesignTime>
  </ViewAttribute>
  <ViewAttribute
    Name="ModuleAccess"
    IsUpdateable="false"
    IsPersistent="false"
    PrecisionRule="true"
    Precision="4000"
    Type="java.lang.String"
    ColumnType="VARCHAR2"
    AliasName="MODULE_ACCESS"
    Expression="MODULE_ACCESS"
    SQLType="VARCHAR">
    <DesignTime>
      <Attr Name="_DisplaySize" Value="4000"/>
    </DesignTime>
  </ViewAttribute>
  <AttrArray Name="KeyAttributes">
    <Item Value="PersonnelUserId"/>
  </AttrArray>
  <ResourceBundle>
    <PropertiesBundle
      PropertiesFile="vpomodel.VPORESTModelBundle"/>
  </ResourceBundle>
</ViewObject>
