<?xml version="1.0" encoding="windows-1252" ?>
<!DOCTYPE ViewObject SYSTEM "jbo_03_01.dtd">
<!---->
<ViewObject
  xmlns="http://xmlns.oracle.com/bc4j"
  Name="UserPermissionVO"
  Version="12.2.1.12.24"
  InheritPersonalization="merge"
  BindingStyle="OracleName"
  CustomQuery="true"
  PageIterMode="Full">
  <DesignTime>
    <Attr Name="_isExpertMode" Value="true"/>
  </DesignTime>
  <Properties>
    <SchemaBasedProperties>
      <LABEL
        ResId="vpomodel.vo.UserPermissionVO_LABEL"/>
    </SchemaBasedProperties>
  </Properties>
  <Variable
    Name="PsId"
    Kind="where"
    Type="java.lang.String"/>
  <SQLQuery><![CDATA[SELECT module_name,MAX(DECODE (ACCESS_TYPE,'R',1,'RW',2)) ACCESS_TYPE      
FROM       
(      
SELECT      
    rd.module_name,      
    rd.access_type      
FROM      
    user_role_mapping urm,      
    role_details rd      
WHERE      
    urm.role_det_id = rd.role_det_id      
    AND   urm.user_id IN (      
        SELECT      
            um.user_id      
        FROM      
            user_master um      
        WHERE      
            um.personnel_id = (      
                SELECT      
                    pd.personnel_id      
                FROM      
                    personnel_details pd      
                WHERE      
                    upper(pd.personnel_user_id) = upper(:PsId)      
            )      
    )      
UNION      
SELECT      
    rd.module_name,      
    rd.access_type      
FROM      
    user_role_delegation urd,      
    role_details rd      
WHERE      
    urd.role_id = rd.role_id  
    AND urd.ur_delegation_flag='D'      
    AND   urd.to_user_id = (      
        SELECT      
            um.user_id      
        FROM      
            user_master um      
        WHERE      
            um.personnel_id = (      
                SELECT      
                    pd.personnel_id      
                FROM      
                    personnel_details pd      
                WHERE      
                    upper(pd.personnel_user_id) = upper(:PsId)      
            )      
    )      
    )      
    GROUP BY module_name]]></SQLQuery>
  <ViewAttribute
    Name="ModuleName"
    IsUpdateable="false"
    IsPersistent="false"
    PrecisionRule="true"
    Precision="255"
    Type="java.lang.String"
    ColumnType="VARCHAR2"
    AliasName="MODULE_NAME"
    Expression="MODULE_NAME"
    SQLType="VARCHAR">
    <DesignTime>
      <Attr Name="_DisplaySize" Value="50"/>
    </DesignTime>
  </ViewAttribute>
  <ViewAttribute
    Name="AccessType"
    IsUpdateable="false"
    IsPersistent="false"
    PrecisionRule="true"
    Type="java.math.BigDecimal"
    ColumnType="NUMBER"
    AliasName="ACCESS_TYPE"
    Expression="ACCESS_TYPE"
    SQLType="NUMERIC"/>
  <ResourceBundle>
    <PropertiesBundle
      PropertiesFile="vpomodel.VPORESTModelBundle"/>
  </ResourceBundle>
</ViewObject>
