<?xml version="1.0" encoding="UTF-8" ?>
<!DOCTYPE ViewObject SYSTEM "jbo_03_01.dtd">
<!---->
<ViewObject
  xmlns="http://xmlns.oracle.com/bc4j"
  Name="ValidateFormForUserMO"
  Version="12.2.1.9.14"
  InheritPersonalization="merge"
  BindingStyle="OracleName"
  CustomQuery="true"
  PageIterMode="Full">
  <DesignTime>
    <Attr Name="_isExpertMode" Value="true"/>
  </DesignTime>
  <Properties>
    <SchemaBasedProperties>
      <LABEL
        ResId="vpomodel.vo.ValidateFormForUserMO_LABEL"/>
    </SchemaBasedProperties>
  </Properties>
  <Variable
    Name="validatePersonnelId1"
    Kind="where"
    Type="java.lang.String"/>
  <Variable
    Name="validateSiteId1"
    Kind="where"
    Type="java.lang.String"/>
  <Variable
    Name="validateTrailCode1"
    Kind="where"
    Type="java.lang.String"/>
  <Variable
    Name="validateVendorCategoryId1"
    Kind="where"
    Type="java.lang.String"/>
  <Variable
    Name="validateVendorId1"
    Kind="where"
    Type="java.lang.String"/>
  <Variable
    Name="validateStatus1"
    Kind="where"
    Type="java.lang.String"/>
  <SQLQuery><![CDATA[SELECT  VF.FORM_ID,VCM.VENDOR_CATEGORY_MAPPING_ID,VF.STUDY_SITE_ID_VPO,SSP.PERSONNEL_ID, VCM.VENDOR_FORM_TYPE AS FORM_NAME       
FROM    VENDOR_FORM VF,ESB_V_STUDY_SITE SS,VENDOR_CATEGORY_MAPPING VCM , ESB_V_STUDY_SITE_PERSONNEL SSP , ESB_V_STUDY S    
WHERE   SS.STUDY_SITE_ID_VPO=VF.STUDY_SITE_ID_VPO      
AND     VCM.VENDOR_CATEGORY_MAPPING_ID=VF.VENDOR_CATEGORY_MAPPING_ID      
AND     SSP.STUDY_SITE_EREF = SS.STUDY_SITE_EID      
AND    S.STUDY_EID=SS.STUDY_EREF 
AND    UPPER(VF.STATUS) like UPPER(:validateStatus1)       
AND     SS.STUDY_SITE_STATUS_CODE IN ('ACT','PLN')  
AND     S.STUDY_STATUS_CODE IN ('A','P') 
AND     SS.STUDY_SITE_ID         = :validateSiteId1     
AND     SS.STUDY_CODE_ALIAS= :validateTrailCode1  
AND     SSP.COUNTRY_CODE =:validatePersonnelId1 
AND     VCM.VENDOR_CATEGORY_ID  =:validateVendorCategoryId1      
AND     VCM.VENDOR_ID            =:validateVendorId1]]></SQLQuery>
  <ViewAttribute
    Name="FormId"
    IsUpdateable="false"
    IsPersistent="false"
    PrecisionRule="true"
    Type="java.math.BigDecimal"
    ColumnType="NUMBER"
    AliasName="FORM_ID"
    Expression="FORM_ID"
    SQLType="NUMERIC"/>
  <ViewAttribute
    Name="VendorCategoryMappingId"
    IsUpdateable="false"
    IsPersistent="false"
    PrecisionRule="true"
    Type="java.math.BigDecimal"
    ColumnType="NUMBER"
    AliasName="VENDOR_CATEGORY_MAPPING_ID"
    Expression="VENDOR_CATEGORY_MAPPING_ID"
    SQLType="NUMERIC"/>
  <ViewAttribute
    Name="StudySiteIdVpo"
    IsUpdateable="false"
    IsPersistent="false"
    PrecisionRule="true"
    Type="java.math.BigDecimal"
    ColumnType="NUMBER"
    AliasName="STUDY_SITE_ID_VPO"
    Expression="STUDY_SITE_ID_VPO"
    SQLType="NUMERIC"/>
  <ViewAttribute
    Name="PersonnelId"
    IsUpdateable="false"
    IsPersistent="false"
    PrecisionRule="true"
    Precision="44"
    Type="java.lang.String"
    ColumnType="VARCHAR2"
    AliasName="PERSONNEL_ID"
    Expression="PERSONNEL_ID"
    SQLType="VARCHAR">
    <DesignTime>
      <Attr Name="_DisplaySize" Value="44"/>
    </DesignTime>
  </ViewAttribute>
  <ViewAttribute
    Name="FormName"
    IsUpdateable="false"
    IsPersistent="false"
    PrecisionRule="true"
    Precision="100"
    Type="java.lang.String"
    ColumnType="VARCHAR2"
    AliasName="FORM_NAME"
    Expression="FORM_NAME"
    SQLType="VARCHAR">
    <DesignTime>
      <Attr Name="_DisplaySize" Value="100"/>
    </DesignTime>
  </ViewAttribute>
  <AttrArray Name="KeyAttributes">
    <Item Value="FormId"/>
  </AttrArray>
  <ResourceBundle>
    <PropertiesBundle
      PropertiesFile="vpomodel.VPORESTModelBundle"/>
  </ResourceBundle>
</ViewObject>
